r,g,b,color
242,197,184,spring
253,214,204,spring
239,183,166,spring
160,86,69,spring
231,156,143,spring
237,179,165,spring
254,196,189,spring
251,209,200,spring
97,53,41,spring
251,213,203,spring
253,206,198,spring
252,210,198,spring
248,210,201,spring
241,194,179,spring
254,222,215,spring
246,204,192,spring
222,160,140,spring
246,205,194,spring
238,154,158,spring
251,203,195,spring
202,141,123,spring
254,204,198,spring
254,197,190,spring
253,196,188,spring
221,137,123,spring
255,227,222,spring
255,222,216,spring
122,67,52,spring
186,124,106,spring
241,192,181,spring
229,156,142,spring
250,210,202,spring
179,108,93,spring
241,195,181,spring
252,227,220,spring
236,182,169,spring
249,212,202,spring
106,58,46,spring
250,212,201,spring
253,213,203,spring
223,168,137,spring
175,106,51,spring
225,147,89,spring
221,141,80,spring
228,164,129,spring
255,204,177,spring
239,189,166,spring
252,207,183,spring
135,80,42,spring
247,197,174,spring
245,204,174,spring
223,162,134,spring
253,206,183,spring
219,165,131,spring
227,163,122,spring
247,206,181,spring
255,232,211,spring
233,168,127,spring
70,40,17,spring
214,164,144,spring
186,130,103,spring
232,183,153,spring
254,223,196,spring
119,79,55,spring
249,201,173,spring
203,147,120,spring
255,213,187,spring
224,172,140,spring
254,208,185,spring
251,192,163,spring
255,205,183,spring
251,203,171,spring
144,95,63,spring
182,130,94,spring
255,222,201,spring
246,184,151,spring
223,169,142,spring
250,193,163,spring
255,210,187,spring
43,31,20,spring
182,129,104,spring
169,107,85,spring
164,106,69,spring
177,122,83,spring
116,74,66,spring
107,64,53,spring
156,104,64,spring
72,41,35,spring
173,104,83,spring
65,39,33,spring
163,108,68,spring
184,151,117,spring
209,186,164,spring
190,138,116,spring
214,190,178,spring
193,165,138,spring
171,112,76,spring
160,104,75,spring
156,87,72,spring
183,126,104,spring
163,106,71,spring
168,105,70,spring
209,177,158,spring
191,165,144,spring
167,105,76,spring
184,124,104,spring
182,143,121,spring
156,102,61,spring
174,109,90,spring
156,102,78,spring
99,60,55,spring
168,105,70,spring
167,100,83,spring
215,191,178,spring
200,166,145,spring
170,115,76,spring
181,138,101,spring
161,104,61,spring
177,138,103,spring
183,131,112,spring
187,131,96,spring
215,164,123,spring
203,195,169,spring
72,26,17,spring
38,21,14,spring
165,94,54,spring
226,174,145,spring
202,192,167,spring
206,198,173,spring
198,146,111,spring
204,149,104,spring
190,122,78,spring
183,145,105,spring
201,193,168,spring
175,96,69,spring
139,65,13,spring
167,107,69,spring
199,189,164,spring
202,195,168,spring
202,192,167,spring
151,80,27,spring
195,130,89,spring
184,125,93,spring
172,112,54,spring
214,199,175,spring
198,147,108,spring
213,206,188,spring
92,71,62,spring
153,137,120,spring
180,123,72,spring
202,140,104,spring
222,159,130,spring
212,159,123,spring
166,106,83,spring
58,41,33,spring
181,120,76,spring
121,103,80,spring
27,16,15,spring
187,118,87,spring
226,164,139,spring
234,209,191,spring
237,169,154,spring
222,198,175,spring
224,184,162,spring
242,205,186,spring
238,201,180,spring
240,212,198,spring
234,211,195,spring
218,182,152,spring
225,199,180,spring
236,205,184,spring
227,194,172,spring
229,180,161,spring
223,187,163,spring
228,184,164,spring
225,197,174,spring
220,178,159,spring
214,169,146,spring
177,126,116,spring
238,210,191,spring
238,200,181,spring
226,201,181,spring
218,179,157,spring
204,164,138,spring
187,143,127,spring
241,208,188,spring
218,169,148,spring
216,185,163,spring
220,185,162,spring
190,137,122,spring
231,209,188,spring
234,203,186,spring
223,193,173,spring
222,201,186,spring
238,209,191,spring
230,149,134,spring
220,194,172,spring
240,205,185,spring
219,188,171,spring
227,202,183,spring
213,182,165,spring
196,155,139,spring
207,174,161,spring
233,201,190,spring
214,182,167,spring
181,138,119,spring
233,213,200,spring
215,179,168,spring
185,146,125,spring
189,173,164,spring
232,197,184,spring
201,171,162,spring
215,183,166,spring
225,201,189,spring
220,189,181,spring
210,178,163,spring
128,94,79,spring
187,148,129,spring
205,171,157,spring
230,200,180,spring
213,173,160,spring
235,220,210,spring
226,208,199,spring
156,121,101,spring
209,197,194,spring
234,202,191,spring
199,162,140,spring
190,153,140,spring
237,216,207,spring
179,138,123,spring
231,196,185,spring
204,170,156,spring
236,220,211,spring
205,173,159,spring
190,161,152,spring
188,150,130,spring
214,169,152,spring
240,228,220,spring
226,192,181,spring
172,136,118,spring
230,207,196,spring
235,178,158,spring
235,178,159,spring
235,184,170,spring
223,168,147,spring
218,174,151,spring
223,167,146,spring
206,153,141,spring
215,160,138,spring
224,168,147,spring
144,93,71,spring
231,185,172,spring
244,219,208,spring
222,169,149,spring
235,187,171,spring
235,181,165,spring
215,159,136,spring
245,226,226,spring
228,177,163,spring
222,171,150,spring
231,183,165,spring
217,150,131,spring
210,149,131,spring
215,161,139,spring
231,183,169,spring
221,163,140,spring
223,163,140,spring
227,175,159,spring
235,183,170,spring
209,150,136,spring
237,188,174,spring
193,125,97,spring
225,174,156,spring
225,169,149,spring
225,169,148,spring
235,210,203,spring
214,160,130,spring
225,173,154,spring
231,190,178,spring
199,124,98,spring
194,163,157,spring
186,157,139,spring
202,152,115,spring
213,182,161,spring
215,180,164,spring
221,182,158,spring
181,157,137,spring
193,147,111,spring
179,153,136,spring
226,191,171,spring
192,147,113,spring
223,187,162,spring
216,190,172,spring
225,179,148,spring
223,191,172,spring
208,158,129,spring
89,57,38,spring
142,105,77,spring
228,201,184,spring
228,202,191,spring
222,182,152,spring
128,95,71,spring
203,160,128,spring
35,7,0,spring
222,181,156,spring
208,175,166,spring
229,200,185,spring
156,124,101,spring
213,173,145,spring
161,114,79,spring
210,178,159,spring
235,207,194,spring
224,191,167,spring
124,88,62,spring
228,186,159,spring
202,168,143,spring
164,108,66,spring
55,17,1,spring
145,113,90,spring
231,182,158,spring
215,175,164,spring
195,151,132,spring
206,166,148,spring
181,131,95,spring
200,157,133,spring
223,186,175,spring
202,161,142,spring
189,147,112,spring
209,167,147,spring
198,158,135,spring
184,146,116,spring
205,165,140,spring
209,168,155,spring
186,142,103,spring
199,159,147,spring
228,187,173,spring
204,163,145,spring
228,184,170,spring
177,132,96,spring
205,161,148,spring
191,147,123,spring
207,174,160,spring
220,188,175,spring
206,169,147,spring
192,154,129,spring
162,122,91,spring
204,163,145,spring
197,159,139,spring
190,146,116,spring
191,146,126,spring
207,167,154,spring
207,163,140,spring
222,185,171,spring
172,121,69,spring
182,132,85,spring
198,161,142,spring
180,128,84,spring
164,119,92,spring
206,169,149,spring
221,188,179,spring
233,198,180,spring
245,201,184,spring
204,169,151,spring
197,158,135,spring
169,123,119,spring
223,186,169,spring
192,162,145,spring
200,168,152,spring
234,206,189,spring
229,182,162,spring
240,211,195,spring
242,208,192,spring
236,199,180,spring
227,180,162,spring
236,199,185,spring
200,165,147,spring
119,99,92,spring
213,174,153,spring
225,181,160,spring
231,196,174,spring
219,183,171,spring
183,151,133,spring
242,175,162,spring
224,187,165,spring
243,207,197,spring
200,158,140,spring
225,193,175,spring
230,192,171,spring
230,189,171,spring
235,199,179,spring
242,204,191,spring
221,186,168,spring
156,129,114,spring
203,175,162,spring
220,185,172,spring
240,215,198,spring
244,209,195,spring
236,201,180,spring
236,201,181,spring
201,161,137,spring
208,170,154,spring
204,166,152,spring
139,95,80,spring
209,168,153,spring
194,156,137,spring
202,157,139,spring
212,177,159,spring
173,142,126,spring
139,104,84,spring
180,134,123,spring
185,152,130,spring
200,156,144,spring
127,92,80,spring
205,168,156,spring
208,175,157,spring
171,128,112,spring
112,86,73,spring
192,150,139,spring
206,170,152,spring
208,176,159,spring
202,170,152,spring
146,115,100,spring
199,160,146,spring
185,148,132,spring
207,168,151,spring
127,87,79,spring
196,138,128,spring
145,110,92,spring
133,99,82,spring
185,151,133,spring
107,83,70,spring
188,152,132,spring
207,161,144,spring
207,161,144,spring
101,68,57,spring
163,127,108,spring
197,162,142,spring
181,138,120,spring
188,150,137,spring
120,86,72,spring
191,140,116,spring
178,134,110,spring
204,151,127,spring
176,145,125,spring
221,187,165,spring
215,182,160,spring
195,147,121,spring
209,150,112,spring
178,137,116,spring
189,151,125,spring
214,180,157,spring
196,136,114,spring
214,182,157,spring
193,131,103,spring
214,185,167,spring
198,144,114,spring
192,136,108,spring
196,157,135,spring
214,181,159,spring
203,142,110,spring
199,158,133,spring
183,129,97,spring
209,183,164,spring
214,181,159,spring
200,171,154,spring
207,177,157,spring
217,190,170,spring
210,185,162,spring
175,135,113,spring
208,173,142,spring
198,163,140,spring
216,186,164,spring
223,187,161,spring
193,155,128,spring
222,185,159,spring
202,164,141,spring
197,135,113,spring
215,182,162,spring
219,184,159,spring
202,164,141,spring
228,192,173,spring
204,171,155,spring
213,170,148,spring
227,196,176,spring
180,141,116,spring
215,181,158,spring
182,116,105,spring
209,181,164,spring
179,135,111,spring
177,135,108,spring
214,183,165,spring
228,193,184,spring
169,125,118,spring
209,183,163,spring
172,128,105,spring
201,156,138,spring
222,192,172,spring
225,192,182,spring
180,133,110,spring
216,165,151,spring
200,166,146,spring
220,190,171,spring
211,180,169,spring
138,105,101,spring
210,181,170,spring
195,153,134,spring
181,136,113,spring
180,126,110,spring
208,173,149,spring
174,127,105,spring
167,123,101,spring
219,196,194,spring
168,124,100,spring
206,159,134,spring
203,143,124,spring
217,186,162,spring
226,191,168,spring
197,149,124,spring
215,185,182,spring
220,189,168,spring
209,155,134,spring
207,161,144,spring
167,116,97,spring
217,181,159,spring
219,183,162,spring
192,152,135,spring
204,157,140,spring
217,172,155,spring
218,179,159,spring
207,166,145,spring
202,160,143,spring
176,120,102,spring
213,176,154,spring
149,101,84,spring
202,153,135,spring
196,160,139,spring
99,62,48,spring
187,137,109,spring
197,160,140,spring
209,163,146,spring
218,178,157,spring
163,113,92,spring
222,189,169,spring
144,91,74,spring
169,125,104,spring
204,157,140,spring
216,182,159,spring
220,189,169,spring
170,127,110,spring
196,153,135,spring
188,140,120,spring
178,137,117,spring
101,53,31,spring
207,172,151,spring
198,155,131,spring
185,148,127,spring
198,160,140,spring
88,44,26,spring
157,114,96,spring
204,163,144,spring
178,134,119,spring
209,170,159,spring
173,131,117,spring
178,137,121,spring
138,100,87,spring
182,137,130,spring
162,119,101,spring
207,166,158,spring
210,167,158,spring
153,101,85,spring
202,160,143,spring
210,173,159,spring
172,126,111,spring
164,125,118,spring
184,143,126,spring
210,172,161,spring
186,145,128,spring
215,176,168,spring
226,186,182,spring
194,153,137,spring
145,94,79,spring
176,130,115,spring
209,167,156,spring
202,161,151,spring
189,148,134,spring
169,121,108,spring
215,178,169,spring
210,170,157,spring
198,151,139,spring
146,98,84,spring
171,122,110,spring
180,133,121,spring
213,169,154,spring
169,127,110,spring
201,160,144,spring
210,172,162,spring
194,129,120,spring
209,170,156,spring
209,166,158,spring
195,156,138,spring
217,161,132,spring
235,201,171,spring
208,149,118,spring
205,141,114,spring
225,180,153,spring
228,179,152,spring
199,132,106,spring
180,126,102,spring
231,184,159,spring
190,141,111,spring
235,194,166,spring
83,31,8,spring
211,147,118,spring
148,98,75,spring
235,192,159,spring
184,135,105,spring
240,213,185,spring
199,140,110,spring
232,181,156,spring
232,182,157,spring
179,120,89,spring
237,211,179,spring
203,148,122,spring
211,152,128,spring
232,184,155,spring
182,121,95,spring
188,128,101,spring
206,149,124,spring
225,167,138,spring
188,135,107,spring
209,150,121,spring
126,71,44,spring
239,210,179,spring
194,137,110,spring
237,189,161,spring
232,205,169,spring
182,129,106,spring
233,191,160,spring
181,121,97,spring
236,197,168,spring
194,145,127,spring
209,162,142,spring
224,176,159,spring
234,191,173,spring
204,157,135,spring
159,114,104,spring
198,131,112,spring
220,174,154,spring
242,209,196,spring
242,196,175,spring
236,198,180,spring
155,118,104,spring
191,151,129,spring
189,149,129,spring
231,187,169,spring
235,197,180,spring
225,170,153,spring
231,189,172,spring
207,148,131,spring
237,199,183,spring
241,196,179,spring
216,167,148,spring
231,188,170,spring
242,212,202,spring
237,196,177,spring
158,113,90,spring
224,176,158,spring
222,178,157,spring
214,164,151,spring
239,198,176,spring
233,197,183,spring
225,176,149,spring
237,198,181,spring
49,28,14,spring
223,178,160,spring
227,155,133,spring
176,122,100,spring
225,181,159,spring
195,150,135,spring
240,196,181,spring
93,64,58,spring
217,175,155,spring
228,184,159,spring
211,173,156,spring
216,174,158,spring
227,183,159,spring
238,195,176,spring
229,184,162,spring
214,179,162,spring
216,165,147,spring
214,186,166,spring
142,104,94,spring
213,166,150,spring
209,179,167,spring
211,175,157,spring
142,78,55,spring
242,202,181,spring
227,182,165,spring
218,181,163,spring
161,142,141,spring
206,161,138,spring
225,181,157,spring
227,184,160,spring
221,188,168,spring
217,174,147,spring
235,197,168,spring
146,86,58,spring
214,159,136,spring
214,168,153,spring
222,182,166,spring
202,155,128,spring
224,181,155,spring
234,192,169,spring
209,161,138,spring
227,183,159,spring
195,146,131,spring
179,131,108,spring
229,189,173,spring
219,181,156,spring
229,193,173,spring
216,184,176,spring
196,155,146,spring
183,135,123,spring
174,139,125,spring
221,186,170,spring
171,133,121,spring
203,156,149,spring
172,132,118,spring
221,184,178,spring
204,175,159,spring
222,187,172,spring
204,157,150,spring
167,123,110,spring
193,160,160,spring
215,187,186,spring
203,166,155,spring
213,172,166,spring
199,152,136,spring
185,134,124,spring
161,123,107,spring
165,122,110,spring
184,146,128,spring
148,111,101,spring
177,134,120,spring
209,157,153,spring
214,184,173,spring
197,163,145,spring
215,174,165,spring
222,184,171,spring
215,164,150,spring
218,185,183,spring
165,124,112,spring
188,150,138,spring
200,166,152,spring
222,190,175,spring
223,188,172,spring
220,187,177,spring
160,123,115,spring
201,173,160,spring
123,96,86,spring
240,215,205,spring
239,202,189,spring
220,178,167,spring
242,217,208,spring
212,170,155,spring
228,198,186,spring
244,222,210,spring
164,124,116,spring
233,201,191,spring
249,228,221,spring
248,225,222,spring
245,226,219,spring
247,221,212,spring
236,208,197,spring
213,172,156,spring
206,173,165,spring
206,165,152,spring
137,106,95,spring
243,222,216,spring
244,227,224,spring
231,203,188,spring
207,169,159,spring
219,195,183,spring
198,169,161,spring
241,218,213,spring
172,141,135,spring
172,140,130,spring
222,177,167,spring
245,228,218,spring
224,188,176,spring
206,160,145,spring
205,160,146,spring
203,166,159,spring
217,183,172,spring
241,215,208,spring
217,169,159,spring
220,192,176,spring
190,146,131,spring
244,214,202,spring
243,222,213,spring
178,141,131,spring
195,173,157,spring
198,182,171,spring
213,193,185,spring
181,157,141,spring
158,120,106,spring
205,183,172,spring
203,179,167,spring
194,170,153,spring
142,121,109,spring
207,185,174,spring
202,179,166,spring
190,160,147,spring
210,185,172,spring
193,172,156,spring
217,199,191,spring
189,160,143,spring
205,182,173,spring
177,149,133,spring
203,172,161,spring
161,128,113,spring
203,178,163,spring
183,169,162,spring
183,160,145,spring
174,165,157,spring
202,177,161,spring
211,192,181,spring
174,145,130,spring
168,127,118,spring
159,146,140,spring
197,167,152,spring
183,144,124,spring
209,187,176,spring
142,116,104,spring
162,137,117,spring
213,193,180,spring
152,108,97,spring
165,137,117,spring
157,128,111,spring
157,130,111,spring
249,195,169,spring
216,162,138,spring
202,143,101,spring
255,214,195,spring
225,181,144,spring
185,135,108,spring
250,193,166,spring
196,142,98,spring
237,188,155,spring
223,172,141,spring
223,179,142,spring
246,190,163,spring
237,182,151,spring
239,183,156,spring
236,184,160,spring
246,194,170,spring
206,145,117,spring
224,168,141,spring
181,129,81,spring
248,198,173,spring
250,201,184,spring
183,133,106,spring
235,179,152,spring
198,149,116,spring
191,140,109,spring
247,194,160,spring
233,178,157,spring
219,166,122,spring
241,190,171,spring
237,179,142,spring
195,137,99,spring
246,192,166,spring
254,198,171,spring
233,181,157,spring
202,140,99,spring
195,142,110,spring
238,190,170,spring
206,153,119,spring
235,181,155,spring
252,203,171,spring
218,181,163,spring
236,213,205,spring
224,188,174,spring
54,40,27,spring
23,18,14,spring
202,166,154,spring
219,182,166,spring
220,183,167,spring
237,215,204,spring
41,29,17,spring
28,20,9,spring
222,176,160,spring
37,28,13,spring
211,168,151,spring
212,165,145,spring
62,48,35,spring
53,41,29,spring
219,182,164,spring
60,46,35,spring
162,136,121,spring
211,174,158,spring
57,45,31,spring
201,155,139,spring
196,157,142,spring
230,196,187,spring
215,176,161,spring
99,70,62,spring
194,160,150,spring
53,40,24,spring
238,219,215,spring
47,37,25,spring
44,30,17,spring
42,30,18,spring
202,164,151,spring
212,182,171,spring
213,174,159,spring
217,178,163,spring
195,150,131,spring
248,233,228,spring
204,163,141,spring
225,181,146,spring
188,139,105,spring
198,152,118,spring
191,144,108,spring
249,229,207,spring
196,152,115,spring
249,227,183,spring
237,185,167,spring
245,210,178,spring
191,152,119,spring
254,239,199,spring
229,189,147,spring
224,181,146,spring
201,158,118,spring
238,202,168,spring
231,188,153,spring
251,232,189,spring
249,217,179,spring
247,222,181,spring
171,126,89,spring
253,236,192,spring
88,23,15,spring
213,169,132,spring
246,211,186,spring
163,89,68,spring
202,158,121,spring
236,198,177,spring
253,239,202,spring
120,79,49,spring
245,212,189,spring
239,186,166,spring
170,129,99,spring
247,211,192,spring
186,138,105,spring
254,232,190,spring
221,181,146,spring
226,188,151,spring
205,162,122,spring
250,234,189,spring
225,179,149,spring
217,191,178,spring
213,185,167,spring
18,0,0,spring
234,200,186,spring
224,197,185,spring
218,202,192,spring
192,151,133,spring
252,228,218,spring
241,226,213,spring
221,193,178,spring
228,195,180,spring
72,52,54,spring
220,191,178,spring
219,204,191,spring
219,181,160,spring
236,208,197,spring
215,162,152,spring
224,204,193,spring
224,189,175,spring
212,176,166,spring
207,169,149,spring
186,142,122,spring
228,194,183,spring
218,194,180,spring
210,173,161,spring
215,172,156,spring
228,198,188,spring
222,194,176,spring
232,201,189,spring
217,179,159,spring
225,198,190,spring
221,193,183,spring
209,167,145,spring
74,53,53,spring
219,196,187,spring
252,229,219,spring
228,200,189,spring
229,192,179,spring
170,114,107,spring
207,169,148,spring
248,212,204,spring
189,143,127,spring
248,208,206,spring
235,197,185,spring
252,215,205,spring
220,172,152,spring
82,54,42,spring
227,185,171,spring
249,212,204,spring
255,218,208,spring
250,218,213,spring
250,212,208,spring
245,209,200,spring
169,145,136,spring
249,209,208,spring
252,222,223,spring
255,219,212,spring
244,202,188,spring
248,212,206,spring
231,188,191,spring
255,227,224,spring
222,180,150,spring
250,222,211,spring
153,127,122,spring
203,165,161,spring
237,199,188,spring
252,214,213,spring
246,207,200,spring
250,212,212,spring
250,224,216,spring
250,212,207,spring
249,211,199,spring
246,210,200,spring
254,223,220,spring
241,202,190,spring
255,233,235,spring
223,188,190,spring
255,234,229,spring
234,185,170,spring
200,163,152,spring
232,201,183,spring
193,145,131,spring
217,184,169,spring
235,196,178,spring
164,138,131,spring
196,164,149,spring
224,188,176,spring
130,105,97,spring
222,188,176,spring
209,173,159,spring
192,156,144,spring
172,139,124,spring
204,167,148,spring
204,186,168,spring
221,181,161,spring
188,156,141,spring
195,166,165,spring
225,189,175,spring
232,197,177,spring
203,165,144,spring
221,185,173,spring
200,170,154,spring
198,160,148,spring
217,182,167,spring
188,149,132,spring
205,167,155,spring
230,196,184,spring
199,155,145,spring
199,165,154,spring
199,166,157,spring
208,174,162,spring
196,157,144,spring
62,43,39,spring
222,179,160,spring
195,155,144,spring
208,175,156,spring
122,86,78,spring
208,175,160,spring
203,170,153,spring
214,181,162,spring
217,194,183,spring
172,132,116,spring
159,123,110,spring
221,193,184,spring
176,144,128,spring
226,205,193,spring
165,135,128,spring
199,172,160,spring
214,183,165,spring
206,173,156,spring
202,166,150,spring
185,143,123,spring
159,114,107,spring
199,165,150,spring
184,153,137,spring
195,165,145,spring
221,201,189,spring
222,195,183,spring
213,183,163,spring
200,168,150,spring
174,135,112,spring
185,142,123,spring
216,186,165,spring
219,197,182,spring
213,184,171,spring
94,59,51,spring
196,151,135,spring
161,125,114,spring
222,202,191,spring
168,126,110,spring
194,164,153,spring
181,142,125,spring
168,132,119,spring
210,167,153,spring
183,149,138,spring
150,118,112,spring
217,186,164,spring
214,181,163,spring
217,185,169,spring
216,180,160,spring
222,188,142,spring
235,199,152,spring
235,189,144,spring
225,189,155,spring
191,161,119,spring
179,130,76,spring
245,202,154,spring
210,183,143,spring
224,190,144,spring
229,196,159,spring
227,195,145,spring
233,203,156,spring
222,180,138,spring
214,168,116,spring
189,149,116,spring
124,75,40,spring
223,194,158,spring
240,209,165,spring
224,201,163,spring
234,182,147,spring
235,202,161,spring
230,190,154,spring
222,194,155,spring
230,198,162,spring
218,172,125,spring
220,195,159,spring
203,155,111,spring
215,194,158,spring
239,207,163,spring
239,193,149,spring
216,171,136,spring
229,189,154,spring
222,188,148,spring
225,187,154,spring
222,189,152,spring
223,192,155,spring
236,210,168,spring
218,184,143,spring
232,197,158,spring
220,176,141,spring
213,164,135,spring
193,146,120,spring
197,167,140,spring
141,131,104,spring
209,172,144,spring
183,141,108,spring
142,93,62,spring
177,118,83,spring
180,145,98,spring
218,181,157,spring
203,173,143,spring
197,157,119,spring
204,174,146,spring
215,179,151,spring
203,171,136,spring
229,219,210,spring
215,177,152,spring
187,158,118,spring
172,93,69,spring
184,153,112,spring
208,166,135,spring
197,161,127,spring
148,120,80,spring
217,177,148,spring
221,186,163,spring
201,176,145,spring
179,155,116,spring
178,150,110,spring
189,144,111,spring
200,163,135,spring
223,185,162,spring
209,173,144,spring
172,147,117,spring
215,191,172,spring
166,102,68,spring
222,193,175,spring
176,130,91,spring
212,152,121,spring
225,200,174,spring
189,162,125,spring
228,189,171,spring
225,147,43,spring
203,140,95,spring
185,123,78,spring
226,185,168,spring
216,152,109,spring
231,191,170,spring
234,203,187,spring
194,158,136,spring
245,219,198,spring
234,209,194,spring
236,210,185,spring
239,212,190,spring
238,207,167,spring
193,134,80,spring
184,131,47,spring
235,208,195,spring
232,213,195,spring
235,194,164,spring
137,89,57,spring
235,199,172,spring
240,221,210,spring
124,82,53,spring
161,98,47,spring
242,223,199,spring
229,175,134,spring
235,214,193,spring
242,214,181,spring
239,221,214,spring
233,204,185,spring
203,139,107,spring
196,135,86,spring
221,182,156,spring
224,180,150,spring
232,203,188,spring
159,106,57,spring
183,118,77,spring
186,124,86,spring
237,207,184,spring
231,173,132,spring
244,225,221,summer
236,212,210,summer
224,197,185,summer
220,192,182,summer
235,213,208,summer
220,193,182,summer
198,167,162,summer
213,180,175,summer
203,164,163,summer
242,217,214,summer
229,204,195,summer
247,224,226,summer
220,191,183,summer
225,208,201,summer
191,161,152,summer
229,205,201,summer
248,228,221,summer
191,165,152,summer
223,195,190,summer
231,206,198,summer
180,146,136,summer
242,219,214,summer
178,129,128,summer
221,188,185,summer
227,200,189,summer
208,156,161,summer
244,222,218,summer
217,185,180,summer
233,198,196,summer
157,105,105,summer
241,215,214,summer
195,166,158,summer
198,170,159,summer
209,182,173,summer
230,206,195,summer
217,190,180,summer
240,204,204,summer
237,218,215,summer
159,141,135,summer
203,174,161,summer
33,31,34,summer
166,154,153,summer
204,178,188,summer
187,164,160,summer
208,184,193,summer
105,84,88,summer
201,177,185,summer
211,193,197,summer
201,180,187,summer
191,173,175,summer
175,142,157,summer
153,123,123,summer
185,167,164,summer
198,180,182,summer
168,146,153,summer
172,155,154,summer
189,171,171,summer
212,186,198,summer
206,188,190,summer
137,114,116,summer
203,185,182,summer
146,128,126,summer
141,112,115,summer
172,155,150,summer
187,172,171,summer
198,172,182,summer
200,176,186,summer
186,168,163,summer
190,168,164,summer
57,51,53,summer
96,68,72,summer
204,187,189,summer
207,186,191,summer
211,184,197,summer
163,138,136,summer
55,46,46,summer
202,180,187,summer
205,187,189,summer
182,169,167,summer
163,149,146,summer
181,165,177,summer
170,154,164,summer
152,131,141,summer
79,71,80,summer
187,166,180,summer
198,179,195,summer
105,89,99,summer
130,113,120,summer
176,144,167,summer
188,171,187,summer
180,164,174,summer
150,125,137,summer
191,164,183,summer
174,152,169,summer
183,171,186,summer
147,99,118,summer
158,143,151,summer
126,104,112,summer
166,154,165,summer
46,40,46,summer
132,114,117,summer
112,96,101,summer
192,165,183,summer
165,148,156,summer
158,143,154,summer
101,76,91,summer
191,167,184,summer
192,179,196,summer
139,121,125,summer
50,48,53,summer
191,172,188,summer
138,118,117,summer
200,173,193,summer
157,135,149,summer
202,186,205,summer
124,106,109,summer
139,122,126,summer
202,177,199,summer
196,176,194,summer
163,145,154,summer
228,189,198,summer
213,186,186,summer
243,209,214,summer
227,197,200,summer
237,200,206,summer
233,198,206,summer
238,208,208,summer
219,192,194,summer
201,175,180,summer
141,119,119,summer
215,186,186,summer
173,153,155,summer
221,193,193,summer
210,184,184,summer
199,174,176,summer
242,208,213,summer
204,163,168,summer
239,212,211,summer
228,198,201,summer
238,211,210,summer
150,114,120,summer
224,192,197,summer
224,197,198,summer
239,209,211,summer
220,186,191,summer
226,198,195,summer
218,188,190,summer
209,177,182,summer
203,162,165,summer
227,190,196,summer
225,195,195,summer
232,205,207,summer
195,170,170,summer
226,196,196,summer
230,193,199,summer
180,125,133,summer
103,80,85,summer
202,177,176,summer
214,186,186,summer
237,205,206,summer
219,200,190,summer
23,22,17,summer
248,233,229,summer
246,230,231,summer
225,206,198,summer
250,235,234,summer
229,210,208,summer
39,27,20,summer
162,143,135,summer
219,202,194,summer
213,189,187,summer
241,222,221,summer
179,159,162,summer
162,134,131,summer
221,203,199,summer
205,215,207,summer
64,47,43,summer
205,180,171,summer
243,228,222,summer
66,58,63,summer
98,81,75,summer
223,208,212,summer
57,49,46,summer
229,209,204,summer
191,168,168,summer
193,172,163,summer
202,189,183,summer
225,203,203,summer
207,188,184,summer
228,214,207,summer
235,216,209,summer
233,215,214,summer
55,40,38,summer
225,208,204,summer
227,207,197,summer
76,64,63,summer
234,215,208,summer
230,215,211,summer
246,232,231,summer
36,30,28,summer
211,196,204,summer
211,189,187,summer
162,131,129,summer
219,196,198,summer
193,167,163,summer
219,204,217,summer
212,188,186,summer
191,159,157,summer
206,176,175,summer
209,181,180,summer
221,207,215,summer
202,189,197,summer
229,209,212,summer
225,204,208,summer
211,183,180,summer
216,197,204,summer
177,154,148,summer
226,205,210,summer
221,199,199,summer
187,160,150,summer
204,185,197,summer
218,203,212,summer
216,200,212,summer
199,187,199,summer
200,178,176,summer
234,211,217,summer
133,111,100,summer
214,194,191,summer
183,173,183,summer
219,196,201,summer
204,175,172,summer
230,207,211,summer
188,164,170,summer
196,187,196,summer
135,128,135,summer
200,177,189,summer
214,186,186,summer
115,89,85,summer
220,206,216,summer
205,182,194,summer
212,185,182,summer
202,173,169,summer
213,183,179,summer
209,190,189,summer
218,200,197,summer
153,127,123,summer
190,165,156,summer
208,195,194,summer
182,161,154,summer
217,200,197,summer
193,162,159,summer
204,176,172,summer
207,185,179,summer
203,177,176,summer
216,195,191,summer
213,205,203,summer
211,180,178,summer
210,192,190,summer
210,193,184,summer
198,175,168,summer
35,31,34,summer
207,179,175,summer
210,191,183,summer
208,173,171,summer
142,126,122,summer
193,173,166,summer
206,185,181,summer
203,181,182,summer
198,171,169,summer
175,147,143,summer
207,187,180,summer
168,137,134,summer
45,36,40,summer
184,152,150,summer
205,189,187,summer
174,151,146,summer
206,172,170,summer
194,172,165,summer
216,198,195,summer
210,188,182,summer
170,135,137,summer
234,220,224,summer
233,214,223,summer
235,217,226,summer
176,124,127,summer
206,183,184,summer
227,203,208,summer
238,219,228,summer
231,213,217,summer
232,211,215,summer
229,208,211,summer
235,210,214,summer
217,190,194,summer
232,207,201,summer
228,207,209,summer
232,220,225,summer
234,216,220,summer
186,144,143,summer
238,222,230,summer
231,209,212,summer
234,216,220,summer
208,177,180,summer
234,216,220,summer
205,161,159,summer
227,202,203,summer
227,178,194,summer
234,219,223,summer
226,203,206,summer
160,121,122,summer
232,210,215,summer
238,223,231,summer
199,158,158,summer
236,222,228,summer
231,200,203,summer
228,204,207,summer
199,167,169,summer
216,183,193,summer
232,219,226,summer
228,188,188,summer
237,219,228,summer
178,137,124,summer
227,186,178,summer
194,174,171,summer
197,154,147,summer
226,186,184,summer
229,209,201,summer
230,201,193,summer
241,219,218,summer
197,157,144,summer
230,211,207,summer
202,157,144,summer
235,199,194,summer
244,184,180,summer
233,207,204,summer
236,203,198,summer
239,214,207,summer
34,26,24,summer
231,208,207,summer
227,194,184,summer
195,155,141,summer
235,209,209,summer
232,202,200,summer
220,184,182,summer
78,61,58,summer
234,205,203,summer
214,178,159,summer
233,197,191,summer
198,155,140,summer
184,161,159,summer
233,205,203,summer
230,201,192,summer
150,134,131,summer
222,189,184,summer
205,171,161,summer
205,165,153,summer
207,180,175,summer
231,200,195,summer
191,154,140,summer
225,189,186,summer
225,143,141,summer
212,175,169,summer
206,159,156,summer
213,177,171,summer
210,180,172,summer
195,164,153,summer
198,167,159,summer
206,183,173,summer
203,169,159,summer
224,198,196,summer
193,165,159,summer
200,168,161,summer
156,114,109,summer
216,184,176,summer
215,191,184,summer
162,133,130,summer
215,179,176,summer
198,152,148,summer
207,175,168,summer
212,178,172,summer
162,132,127,summer
164,133,125,summer
173,136,130,summer
210,179,170,summer
216,192,186,summer
196,158,152,summer
202,162,155,summer
91,62,64,summer
184,154,149,summer
209,179,169,summer
206,176,174,summer
224,181,176,summer
157,119,113,summer
181,138,130,summer
196,157,148,summer
217,189,184,summer
165,130,122,summer
214,179,176,summer
90,57,50,summer
204,170,159,summer
195,163,157,summer
215,187,174,summer
218,181,172,summer
227,199,184,summer
153,98,82,summer
230,189,184,summer
184,153,139,summer
67,43,40,summer
231,201,191,summer
190,139,126,summer
232,209,196,summer
172,139,119,summer
108,60,45,summer
190,144,134,summer
225,179,169,summer
213,169,158,summer
51,33,29,summer
234,197,192,summer
213,183,167,summer
237,197,193,summer
169,135,113,summer
195,138,133,summer
220,171,160,summer
177,130,115,summer
199,153,140,summer
199,159,139,summer
223,195,182,summer
184,140,125,summer
216,184,169,summer
182,136,126,summer
209,175,159,summer
137,106,91,summer
138,91,78,summer
217,173,160,summer
214,179,168,summer
209,179,160,summer
188,153,142,summer
101,56,40,summer
165,125,111,summer
220,183,167,summer
200,179,182,summer
215,192,192,summer
132,113,115,summer
187,158,162,summer
218,200,202,summer
209,186,186,summer
207,207,199,summer
189,144,160,summer
210,190,189,summer
228,208,214,summer
220,200,203,summer
231,221,218,summer
217,198,197,summer
187,166,169,summer
222,193,198,summer
194,169,171,summer
230,209,212,summer
216,189,194,summer
189,164,167,summer
218,197,199,summer
211,185,191,summer
231,212,216,summer
230,221,225,summer
212,192,191,summer
235,216,213,summer
210,189,191,summer
217,195,197,summer
212,200,195,summer
222,203,209,summer
182,144,153,summer
234,222,225,summer
224,209,214,summer
199,175,172,summer
205,175,183,summer
225,207,209,summer
218,189,198,summer
193,164,165,summer
220,206,210,summer
200,181,183,summer
221,208,206,summer
208,190,184,summer
200,181,163,summer
199,166,139,summer
209,190,184,summer
214,196,189,summer
209,177,163,summer
207,178,168,summer
184,148,123,summer
177,141,114,summer
199,172,152,summer
213,192,184,summer
187,152,128,summer
209,185,173,summer
213,190,181,summer
210,189,176,summer
199,172,152,summer
205,184,173,summer
201,185,170,summer
209,185,172,summer
205,172,161,summer
215,196,188,summer
181,162,142,summer
207,187,177,summer
200,169,147,summer
196,166,146,summer
207,184,166,summer
203,177,160,summer
208,181,169,summer
212,197,191,summer
174,127,98,summer
184,130,112,summer
192,151,134,summer
197,171,142,summer
203,173,155,summer
161,118,92,summer
198,172,153,summer
199,165,144,summer
192,167,153,summer
192,167,152,summer
46,39,46,summer
229,201,191,summer
236,217,214,summer
65,42,48,summer
220,194,190,summer
223,196,192,summer
236,216,218,summer
221,175,179,summer
216,188,184,summer
238,221,218,summer
237,218,214,summer
234,213,207,summer
238,224,217,summer
240,224,217,summer
212,189,187,summer
236,210,204,summer
235,214,209,summer
63,42,43,summer
240,221,220,summer
223,194,191,summer
236,219,214,summer
200,158,149,summer
225,192,184,summer
209,170,164,summer
185,144,137,summer
197,157,153,summer
195,143,141,summer
234,214,211,summer
171,130,122,summer
209,166,168,summer
237,224,223,summer
180,136,131,summer
90,62,60,summer
222,189,186,summer
235,213,210,summer
241,226,219,summer
218,174,161,summer
209,172,166,summer
231,212,207,summer
53,37,44,summer
236,214,207,summer
217,192,186,summer
232,206,210,summer
225,199,205,summer
233,204,210,summer
232,208,213,summer
227,189,192,summer
211,180,181,summer
207,183,194,summer
223,194,210,summer
229,202,209,summer
84,49,44,summer
230,187,196,summer
205,169,174,summer
238,209,219,summer
202,179,188,summer
229,204,204,summer
94,61,56,summer
208,184,199,summer
184,146,156,summer
207,175,168,summer
231,206,209,summer
231,207,210,summer
235,209,215,summer
202,174,176,summer
236,211,221,summer
143,128,138,summer
77,61,70,summer
211,178,173,summer
240,213,219,summer
231,205,209,summer
107,91,104,summer
222,196,198,summer
242,222,227,summer
232,193,217,summer
226,193,196,summer
234,211,217,summer
211,180,183,summer
230,206,211,summer
230,206,209,summer
227,194,199,summer
211,173,153,summer
193,155,132,summer
213,174,155,summer
174,132,104,summer
102,74,58,summer
200,162,143,summer
125,101,91,summer
209,167,148,summer
205,164,143,summer
209,170,152,summer
198,158,135,summer
156,115,94,summer
137,99,76,summer
179,136,114,summer
206,160,139,summer
205,163,144,summer
205,169,147,summer
190,145,124,summer
203,162,137,summer
194,152,130,summer
200,164,139,summer
86,66,50,summer
186,158,137,summer
209,163,139,summer
178,115,100,summer
207,163,142,summer
177,128,107,summer
209,168,150,summer
204,166,150,summer
205,164,144,summer
194,153,124,summer
186,155,133,summer
203,166,146,summer
193,151,124,summer
209,171,151,summer
202,166,142,summer
189,145,118,summer
208,173,154,summer
186,142,117,summer
158,114,85,summer
207,181,165,summer
215,197,175,summer
236,222,209,summer
197,169,147,summer
245,215,208,summer
244,230,218,summer
230,214,197,summer
235,226,210,summer
235,212,201,summer
232,201,190,summer
236,229,217,summer
236,224,208,summer
236,222,209,summer
238,231,226,summer
216,196,183,summer
227,202,184,summer
239,227,217,summer
183,179,169,summer
222,209,200,summer
221,213,195,summer
169,151,138,summer
167,133,110,summer
207,177,152,summer
224,214,198,summer
235,229,220,summer
219,204,186,summer
231,218,201,summer
217,198,182,summer
240,228,219,summer
234,212,197,summer
232,218,204,summer
216,198,184,summer
213,198,180,summer
237,230,224,summer
113,100,91,summer
209,200,189,summer
214,184,160,summer
228,213,199,summer
191,159,138,summer
234,214,200,summer
220,189,174,summer
208,166,148,summer
227,223,221,summer
222,187,170,summer
231,216,211,summer
162,125,104,summer
209,196,197,summer
219,183,163,summer
227,221,219,summer
218,181,159,summer
159,120,102,summer
227,221,216,summer
182,141,121,summer
216,180,161,summer
230,225,222,summer
213,169,146,summer
231,199,184,summer
228,217,213,summer
228,225,224,summer
228,214,211,summer
169,145,125,summer
217,176,159,summer
223,219,218,summer
203,168,152,summer
224,204,194,summer
227,196,184,summer
170,148,130,summer
159,131,113,summer
214,169,144,summer
184,139,118,summer
228,199,188,summer
227,193,181,summer
207,163,143,summer
184,163,150,summer
224,187,174,summer
179,136,118,summer
202,166,149,summer
175,135,116,summer
211,169,149,summer
186,153,135,summer
215,187,168,summer
63,46,40,summer
238,220,211,summer
217,192,167,summer
235,214,202,summer
236,207,189,summer
62,42,37,summer
35,14,12,summer
235,221,209,summer
189,159,139,summer
17,15,22,summer
213,184,165,summer
225,207,189,summer
232,212,197,summer
232,206,183,summer
227,210,193,summer
223,200,177,summer
237,220,213,summer
190,162,140,summer
53,43,43,summer
198,154,139,summer
125,117,104,summer
110,101,84,summer
213,190,171,summer
132,101,86,summer
207,180,162,summer
32,25,29,summer
232,209,194,summer
186,151,135,summer
228,209,191,summer
228,201,183,summer
174,127,98,summer
184,130,112,summer
192,151,134,summer
197,171,142,summer
203,173,155,summer
161,118,92,summer
198,172,153,summer
199,165,144,summer
192,167,153,summer
192,167,152,summer
46,39,46,summer
229,201,191,summer
236,217,214,summer
65,42,48,summer
220,194,190,summer
223,196,192,summer
236,216,218,summer
221,175,179,summer
216,188,184,summer
238,221,218,summer
237,218,214,summer
234,213,207,summer
238,224,217,summer
240,224,217,summer
212,189,187,summer
236,210,204,summer
235,214,209,summer
63,42,43,summer
240,221,220,summer
223,194,191,summer
236,219,214,summer
200,158,149,summer
225,192,184,summer
209,170,164,summer
185,144,137,summer
197,157,153,summer
195,143,141,summer
234,214,211,summer
171,130,122,summer
209,166,168,summer
237,224,223,summer
180,136,131,summer
90,62,60,summer
222,189,186,summer
235,213,210,summer
241,226,219,summer
218,174,161,summer
209,172,166,summer
231,212,207,summer
53,37,44,summer
236,214,207,summer
217,192,186,summer
232,206,210,summer
225,199,205,summer
233,204,210,summer
232,208,213,summer
227,189,192,summer
211,180,181,summer
207,183,194,summer
223,194,210,summer
229,202,209,summer
84,49,44,summer
230,187,196,summer
205,169,174,summer
238,209,219,summer
202,179,188,summer
229,204,204,summer
94,61,56,summer
208,184,199,summer
184,146,156,summer
207,175,168,summer
231,206,209,summer
231,207,210,summer
235,209,215,summer
202,174,176,summer
236,211,221,summer
143,128,138,summer
77,61,70,summer
211,178,173,summer
240,213,219,summer
231,205,209,summer
107,91,104,summer
222,196,198,summer
242,222,227,summer
232,193,217,summer
226,193,196,summer
234,211,217,summer
211,180,183,summer
230,206,211,summer
230,206,209,summer
227,194,199,summer
211,173,153,summer
193,155,132,summer
213,174,155,summer
174,132,104,summer
102,74,58,summer
200,162,143,summer
125,101,91,summer
209,167,148,summer
205,164,143,summer
209,170,152,summer
198,158,135,summer
156,115,94,summer
137,99,76,summer
179,136,114,summer
206,160,139,summer
205,163,144,summer
205,169,147,summer
190,145,124,summer
203,162,137,summer
194,152,130,summer
200,164,139,summer
86,66,50,summer
186,158,137,summer
209,163,139,summer
178,115,100,summer
207,163,142,summer
177,128,107,summer
209,168,150,summer
204,166,150,summer
205,164,144,summer
194,153,124,summer
186,155,133,summer
203,166,146,summer
193,151,124,summer
209,171,151,summer
202,166,142,summer
189,145,118,summer
208,173,154,summer
186,142,117,summer
158,114,85,summer
207,181,165,summer
215,197,175,summer
236,222,209,summer
197,169,147,summer
245,215,208,summer
244,230,218,summer
230,214,197,summer
235,226,210,summer
235,212,201,summer
232,201,190,summer
236,229,217,summer
236,224,208,summer
236,222,209,summer
238,231,226,summer
216,196,183,summer
227,202,184,summer
239,227,217,summer
183,179,169,summer
222,209,200,summer
221,213,195,summer
169,151,138,summer
167,133,110,summer
207,177,152,summer
224,214,198,summer
235,229,220,summer
219,204,186,summer
231,218,201,summer
217,198,182,summer
240,228,219,summer
234,212,197,summer
232,218,204,summer
216,198,184,summer
213,198,180,summer
237,230,224,summer
113,100,91,summer
209,200,189,summer
214,184,160,summer
228,213,199,summer
191,159,138,summer
234,214,200,summer
220,189,174,summer
208,166,148,summer
227,223,221,summer
222,187,170,summer
231,216,211,summer
162,125,104,summer
209,196,197,summer
219,183,163,summer
227,221,219,summer
218,181,159,summer
159,120,102,summer
227,221,216,summer
182,141,121,summer
216,180,161,summer
230,225,222,summer
213,169,146,summer
231,199,184,summer
228,217,213,summer
228,225,224,summer
228,214,211,summer
169,145,125,summer
217,176,159,summer
223,219,218,summer
203,168,152,summer
224,204,194,summer
227,196,184,summer
170,148,130,summer
159,131,113,summer
214,169,144,summer
184,139,118,summer
228,199,188,summer
227,193,181,summer
207,163,143,summer
184,163,150,summer
224,187,174,summer
179,136,118,summer
202,166,149,summer
175,135,116,summer
211,169,149,summer
186,153,135,summer
215,187,168,summer
63,46,40,summer
238,220,211,summer
217,192,167,summer
235,214,202,summer
236,207,189,summer
62,42,37,summer
35,14,12,summer
235,221,209,summer
189,159,139,summer
17,15,22,summer
213,184,165,summer
225,207,189,summer
232,212,197,summer
232,206,183,summer
227,210,193,summer
223,200,177,summer
237,220,213,summer
190,162,140,summer
53,43,43,summer
198,154,139,summer
125,117,104,summer
110,101,84,summer
213,190,171,summer
132,101,86,summer
207,180,162,summer
32,25,29,summer
232,209,194,summer
186,151,135,summer
228,209,191,summer
228,201,183,summer
176,147,130,summer
80,46,39,summer
213,196,193,summer
183,149,137,summer
188,151,145,summer
208,188,187,summer
209,184,175,summer
206,179,168,summer
194,159,151,summer
210,184,178,summer
202,170,163,summer
207,177,175,summer
175,129,123,summer
215,179,175,summer
200,168,161,summer
182,135,132,summer
179,147,131,summer
212,190,183,summer
184,135,130,summer
189,156,144,summer
218,194,189,summer
182,145,135,summer
184,143,135,summer
182,150,137,summer
207,178,170,summer
184,166,154,summer
168,149,137,summer
171,134,125,summer
210,184,178,summer
184,158,141,summer
184,150,140,summer
201,172,164,summer
203,182,184,summer
184,157,143,summer
182,149,139,summer
176,128,119,summer
178,135,130,summer
183,150,138,summer
192,160,152,summer
169,130,120,summer
197,166,159,summer
123,105,98,summer
168,107,114,summer
190,160,151,summer
134,116,104,summer
209,183,173,summer
34,17,14,summer
220,208,203,summer
144,124,104,summer
198,175,158,summer
222,207,206,summer
131,91,86,summer
183,153,135,summer
162,133,113,summer
161,140,117,summer
143,125,109,summer
226,204,198,summer
217,201,190,summer
210,184,176,summer
171,146,137,summer
229,214,209,summer
225,205,199,summer
135,111,102,summer
223,203,193,summer
137,107,85,summer
119,103,90,summer
205,181,175,summer
152,125,94,summer
228,217,208,summer
213,191,183,summer
223,203,198,summer
148,130,115,summer
205,181,169,summer
204,182,167,summer
139,111,91,summer
195,173,158,summer
43,28,23,summer
192,161,154,summer
197,168,159,summer
204,181,171,summer
213,183,167,summer
173,152,139,summer
229,194,181,summer
224,193,179,summer
208,180,164,summer
201,166,152,summer
210,180,161,summer
184,147,134,summer
230,195,180,summer
191,163,148,summer
215,187,172,summer
103,73,61,summer
230,195,180,summer
175,122,115,summer
169,131,120,summer
129,98,86,summer
193,161,144,summer
225,190,173,summer
212,177,161,summer
217,164,149,summer
213,184,168,summer
219,182,167,summer
151,134,124,summer
223,194,179,summer
216,176,161,summer
195,166,155,summer
222,188,169,summer
214,189,173,summer
217,188,172,summer
159,138,127,summer
110,94,87,summer
191,158,137,summer
215,176,159,summer
163,135,118,summer
217,191,176,summer
183,151,136,summer
212,167,151,summer
175,139,125,summer
184,149,134,summer
190,163,150,summer
191,150,144,summer
82,59,53,summer
113,71,55,summer
156,109,103,summer
98,63,59,summer
143,97,84,summer
207,169,160,summer
213,175,164,summer
199,156,150,summer
165,117,115,summer
219,188,185,summer
223,193,191,summer
219,185,176,summer
168,119,105,summer
198,146,148,summer
188,145,138,summer
211,172,167,summer
220,192,189,summer
171,134,126,summer
161,113,111,summer
212,173,166,summer
219,188,185,summer
112,75,66,summer
223,198,194,summer
195,155,155,summer
211,170,164,summer
168,124,113,summer
28,27,32,summer
214,173,171,summer
199,193,197,summer
218,179,174,summer
193,149,146,summer
184,134,133,summer
171,124,116,summer
174,136,125,summer
199,158,152,summer
169,121,119,summer
218,181,173,summer
209,169,167,summer
213,176,170,summer
238,212,197,summer
229,202,181,summer
251,225,212,summer
230,202,180,summer
225,193,170,summer
206,173,154,summer
238,210,196,summer
248,230,220,summer
245,218,199,summer
232,200,175,summer
238,203,181,summer
250,229,212,summer
237,206,186,summer
140,108,93,summer
241,218,200,summer
229,197,182,summer
235,207,185,summer
50,42,40,summer
242,213,195,summer
254,246,233,summer
221,170,143,summer
215,170,151,summer
236,203,188,summer
245,226,212,summer
245,221,209,summer
98,74,64,summer
199,169,145,summer
251,232,218,summer
84,71,63,summer
254,235,221,summer
239,210,192,summer
242,219,201,summer
236,208,187,summer
239,214,194,summer
242,219,201,summer
236,211,189,summer
238,198,173,summer
253,236,216,summer
253,234,217,summer
239,208,187,summer
201,164,153,summer
244,217,213,summer
245,224,217,summer
198,161,151,summer
247,218,210,summer
212,182,174,summer
249,223,211,summer
242,212,204,summer
230,204,197,summer
174,136,117,summer
221,191,181,summer
173,145,136,summer
187,158,138,summer
253,227,220,summer
237,209,200,summer
206,164,158,summer
245,219,212,summer
197,165,153,summer
203,170,165,summer
253,246,244,summer
198,161,151,summer
229,210,217,summer
226,198,187,summer
223,192,184,summer
250,209,200,summer
196,155,137,summer
214,180,168,summer
242,220,214,summer
217,185,173,summer
195,165,150,summer
224,193,185,summer
250,233,229,summer
237,215,209,summer
200,158,133,summer
239,215,209,summer
237,209,214,summer
245,213,201,summer
185,155,147,summer
193,166,152,summer
214,165,145,summer
218,190,178,summer
139,109,101,summer
229,187,188,summer
157,129,118,summer
197,159,148,summer
224,200,188,summer
228,194,184,summer
223,193,182,summer
168,135,118,summer
222,195,186,summer
217,187,177,summer
219,192,181,summer
222,197,190,summer
222,202,195,summer
188,149,134,summer
203,163,151,summer
220,196,186,summer
196,159,153,summer
225,198,191,summer
222,197,190,summer
180,135,130,summer
151,98,92,summer
229,211,207,summer
215,181,171,summer
227,210,203,summer
191,159,148,summer
219,189,178,summer
212,169,160,summer
222,192,182,summer
185,156,140,summer
225,201,199,summer
206,168,159,summer
232,215,208,summer
201,169,158,summer
208,168,156,summer
196,166,155,summer
230,202,199,summer
224,203,198,summer
235,215,208,summer
218,196,185,summer
219,174,155,autumn
214,190,186,autumn
210,170,158,autumn
212,168,155,autumn
200,157,148,autumn
222,187,181,autumn
212,163,146,autumn
224,171,151,autumn
229,205,195,autumn
215,175,163,autumn
198,151,144,autumn
220,171,154,autumn
214,168,153,autumn
161,112,98,autumn
216,169,151,autumn
201,156,137,autumn
111,76,70,autumn
219,185,176,autumn
230,195,187,autumn
229,192,184,autumn
226,175,158,autumn
213,174,157,autumn
217,179,168,autumn
211,165,142,autumn
217,178,169,autumn
222,167,147,autumn
215,177,166,autumn
216,178,167,autumn
212,174,163,autumn
193,149,138,autumn
219,185,173,autumn
202,157,150,autumn
219,180,173,autumn
214,172,160,autumn
211,160,154,autumn
221,188,179,autumn
214,163,144,autumn
220,190,182,autumn
223,170,152,autumn
228,196,184,autumn
130,74,54,autumn
242,205,197,autumn
210,170,157,autumn
169,112,95,autumn
233,193,185,autumn
213,159,145,autumn
217,174,156,autumn
241,205,201,autumn
232,195,180,autumn
244,210,204,autumn
210,154,133,autumn
216,178,159,autumn
236,203,194,autumn
228,160,150,autumn
106,68,57,autumn
231,194,186,autumn
213,162,139,autumn
233,197,183,autumn
233,196,178,autumn
227,192,179,autumn
242,209,208,autumn
246,212,210,autumn
100,64,52,autumn
234,195,186,autumn
180,127,117,autumn
236,201,196,autumn
236,189,179,autumn
219,187,171,autumn
246,199,188,autumn
221,183,166,autumn
217,183,160,autumn
98,64,51,autumn
96,55,49,autumn
234,200,191,autumn
220,183,164,autumn
235,201,188,autumn
65,35,15,autumn
235,191,178,autumn
226,182,166,autumn
221,179,159,autumn
122,75,59,autumn
141,94,78,autumn
142,91,72,autumn
164,102,92,autumn
134,87,69,autumn
194,139,115,autumn
176,119,100,autumn
193,146,126,autumn
193,144,124,autumn
176,127,110,autumn
126,83,68,autumn
217,179,161,autumn
192,144,124,autumn
211,166,143,autumn
128,85,71,autumn
208,160,139,autumn
101,55,45,autumn
192,138,114,autumn
186,136,113,autumn
121,76,62,autumn
162,111,91,autumn
193,141,117,autumn
159,108,89,autumn
194,141,119,autumn
129,83,66,autumn
174,121,103,autumn
209,169,148,autumn
132,85,69,autumn
186,129,109,autumn
144,98,82,autumn
218,185,170,autumn
141,95,79,autumn
218,177,164,autumn
219,182,164,autumn
155,98,78,autumn
132,86,70,autumn
192,145,126,autumn
138,93,78,autumn
171,113,93,autumn
153,101,84,autumn
165,109,85,autumn
188,158,134,autumn
104,66,55,autumn
179,141,118,autumn
132,82,66,autumn
181,141,122,autumn
172,132,113,autumn
171,131,107,autumn
165,126,103,autumn
189,155,131,autumn
174,131,110,autumn
154,115,96,autumn
178,140,117,autumn
172,133,110,autumn
178,143,118,autumn
129,89,71,autumn
172,120,96,autumn
183,145,123,autumn
180,142,119,autumn
168,122,100,autumn
82,53,46,autumn
186,146,122,autumn
166,121,100,autumn
163,118,95,autumn
159,110,81,autumn
182,144,123,autumn
91,59,50,autumn
164,127,100,autumn
166,125,95,autumn
178,142,120,autumn
184,145,122,autumn
99,62,54,autumn
140,88,71,autumn
169,121,98,autumn
139,82,67,autumn
164,121,95,autumn
180,144,121,autumn
187,157,131,autumn
162,116,89,autumn
182,148,125,autumn
136,107,91,autumn
230,185,169,autumn
188,149,131,autumn
211,159,145,autumn
252,200,187,autumn
231,182,166,autumn
236,187,173,autumn
75,42,20,autumn
240,198,186,autumn
175,100,95,autumn
254,208,195,autumn
215,163,149,autumn
225,182,166,autumn
199,161,141,autumn
205,168,149,autumn
199,162,144,autumn
208,167,148,autumn
180,146,127,autumn
157,118,96,autumn
234,182,168,autumn
153,120,103,autumn
179,140,122,autumn
198,163,141,autumn
217,163,150,autumn
140,84,69,autumn
255,206,192,autumn
175,133,116,autumn
158,115,98,autumn
238,191,180,autumn
201,157,146,autumn
77,39,20,autumn
68,25,6,autumn
247,189,177,autumn
226,183,166,autumn
75,37,18,autumn
236,191,179,autumn
250,198,185,autumn
252,203,188,autumn
247,191,178,autumn
203,164,141,autumn
225,191,182,autumn
223,188,180,autumn
199,158,148,autumn
64,38,34,autumn
219,180,175,autumn
218,179,172,autumn
220,187,180,autumn
168,128,121,autumn
122,79,69,autumn
200,158,143,autumn
218,182,174,autumn
214,174,165,autumn
202,155,145,autumn
196,153,147,autumn
233,198,194,autumn
226,191,183,autumn
149,102,95,autumn
224,188,180,autumn
207,166,158,autumn
228,191,181,autumn
160,96,91,autumn
224,180,169,autumn
227,197,196,autumn
227,194,185,autumn
211,172,163,autumn
232,203,198,autumn
203,146,136,autumn
222,186,178,autumn
62,32,29,autumn
177,132,123,autumn
176,131,118,autumn
175,128,118,autumn
223,186,178,autumn
227,190,181,autumn
193,148,139,autumn
223,187,178,autumn
175,119,105,autumn
224,195,186,autumn
224,189,180,autumn
222,195,190,autumn
189,140,142,autumn
238,200,193,autumn
217,183,170,autumn
87,50,66,autumn
218,179,174,autumn
182,136,133,autumn
188,141,133,autumn
222,180,167,autumn
229,210,198,autumn
163,118,119,autumn
196,156,155,autumn
235,225,216,autumn
196,165,157,autumn
234,212,203,autumn
220,184,176,autumn
233,218,209,autumn
213,183,179,autumn
221,191,177,autumn
154,112,117,autumn
217,178,163,autumn
186,138,131,autumn
234,214,207,autumn
205,168,163,autumn
225,196,184,autumn
203,155,149,autumn
220,174,158,autumn
221,190,183,autumn
129,88,94,autumn
217,183,172,autumn
224,187,175,autumn
242,221,214,autumn
235,206,198,autumn
202,156,150,autumn
226,212,196,autumn
220,193,182,autumn
198,163,153,autumn
122,72,90,autumn
171,130,128,autumn
191,152,155,autumn
243,225,217,autumn
227,214,196,autumn
219,188,174,autumn
189,142,125,autumn
219,188,174,autumn
208,153,131,autumn
229,209,184,autumn
231,222,209,autumn
242,231,221,autumn
175,112,89,autumn
226,194,177,autumn
210,160,138,autumn
49,34,25,autumn
233,209,196,autumn
237,220,210,autumn
235,217,199,autumn
234,219,206,autumn
221,185,162,autumn
236,216,203,autumn
234,220,208,autumn
235,219,208,autumn
237,219,207,autumn
247,226,217,autumn
106,60,44,autumn
216,169,141,autumn
239,222,216,autumn
231,216,200,autumn
241,226,215,autumn
75,47,35,autumn
216,172,151,autumn
232,211,196,autumn
213,164,141,autumn
230,211,197,autumn
183,133,110,autumn
200,154,129,autumn
229,203,187,autumn
223,185,158,autumn
44,28,19,autumn
175,128,110,autumn
40,27,21,autumn
179,127,101,autumn
231,194,167,autumn
200,158,124,autumn
205,164,137,autumn
242,208,181,autumn
253,222,201,autumn
209,173,149,autumn
221,179,157,autumn
219,183,159,autumn
218,177,155,autumn
254,220,194,autumn
249,214,189,autumn
244,206,173,autumn
233,203,181,autumn
236,199,173,autumn
238,206,193,autumn
251,216,194,autumn
227,184,152,autumn
162,117,96,autumn
231,192,161,autumn
206,167,138,autumn
227,186,164,autumn
213,176,152,autumn
223,185,164,autumn
250,213,181,autumn
255,223,200,autumn
233,189,157,autumn
254,228,209,autumn
235,196,163,autumn
149,113,92,autumn
253,219,194,autumn
220,173,145,autumn
228,185,168,autumn
224,175,143,autumn
218,185,176,autumn
180,129,110,autumn
222,186,179,autumn
142,87,71,autumn
150,111,102,autumn
221,186,179,autumn
200,148,135,autumn
212,181,162,autumn
222,187,178,autumn
200,152,133,autumn
139,87,78,autumn
202,163,148,autumn
203,167,152,autumn
219,192,182,autumn
198,151,136,autumn
231,210,198,autumn
191,137,125,autumn
205,155,140,autumn
224,194,183,autumn
191,149,133,autumn
209,173,157,autumn
217,190,177,autumn
202,159,140,autumn
192,146,131,autumn
190,137,128,autumn
218,179,173,autumn
176,130,113,autumn
220,181,175,autumn
217,190,176,autumn
205,168,153,autumn
222,190,182,autumn
211,180,161,autumn
224,197,186,autumn
203,151,138,autumn
218,190,176,autumn
157,108,89,autumn
192,147,135,autumn
182,130,117,autumn
212,178,164,autumn
224,197,186,autumn
211,162,134,autumn
79,48,43,autumn
184,118,89,autumn
222,176,148,autumn
230,187,162,autumn
233,177,145,autumn
131,73,55,autumn
221,157,125,autumn
236,205,186,autumn
225,184,156,autumn
198,143,114,autumn
232,187,162,autumn
211,158,126,autumn
215,164,135,autumn
227,181,156,autumn
233,199,174,autumn
222,179,147,autumn
223,159,127,autumn
215,164,139,autumn
230,187,161,autumn
200,139,108,autumn
232,195,172,autumn
220,169,142,autumn
225,179,152,autumn
217,154,122,autumn
231,184,159,autumn
226,187,166,autumn
80,48,32,autumn
228,173,140,autumn
229,185,156,autumn
232,197,173,autumn
231,186,164,autumn
226,178,148,autumn
223,165,135,autumn
190,137,110,autumn
214,169,145,autumn
226,182,160,autumn
202,144,121,autumn
228,173,141,autumn
181,118,87,autumn
199,154,138,autumn
197,149,136,autumn
232,208,196,autumn
218,181,167,autumn
136,89,65,autumn
217,177,160,autumn
154,87,71,autumn
198,152,138,autumn
202,159,152,autumn
161,116,101,autumn
198,155,141,autumn
113,67,46,autumn
138,97,79,autumn
184,135,125,autumn
222,185,173,autumn
129,86,67,autumn
135,88,66,autumn
218,195,183,autumn
218,188,172,autumn
220,194,176,autumn
227,198,183,autumn
206,161,143,autumn
205,155,142,autumn
203,168,151,autumn
139,104,86,autumn
189,145,128,autumn
60,36,34,autumn
200,168,148,autumn
199,153,137,autumn
217,181,165,autumn
209,180,159,autumn
212,174,158,autumn
185,148,130,autumn
217,190,174,autumn
51,23,17,autumn
229,198,184,autumn
218,191,173,autumn
163,115,103,autumn
221,194,183,autumn
177,127,110,autumn
219,189,180,autumn
217,201,195,autumn
184,145,131,autumn
191,158,140,autumn
164,125,116,autumn
214,200,192,autumn
213,182,174,autumn
185,141,127,autumn
202,171,159,autumn
194,159,143,autumn
192,160,144,autumn
186,139,125,autumn
224,213,207,autumn
201,173,156,autumn
223,214,206,autumn
162,126,123,autumn
203,169,159,autumn
216,195,188,autumn
222,212,206,autumn
224,212,207,autumn
192,159,141,autumn
220,205,200,autumn
223,207,201,autumn
202,173,163,autumn
191,149,135,autumn
223,214,209,autumn
221,208,198,autumn
225,216,209,autumn
203,173,163,autumn
220,209,204,autumn
214,197,187,autumn
220,212,206,autumn
224,215,207,autumn
130,74,71,autumn
191,155,138,autumn
220,208,204,autumn
196,167,156,autumn
196,162,147,autumn
195,164,152,autumn
191,159,141,autumn
112,74,61,autumn
229,202,183,autumn
221,189,169,autumn
221,188,170,autumn
178,138,111,autumn
216,188,167,autumn
216,188,167,autumn
234,212,196,autumn
214,184,164,autumn
219,192,172,autumn
118,88,76,autumn
227,197,180,autumn
68,42,32,autumn
208,179,158,autumn
86,69,58,autumn
224,197,179,autumn
218,186,164,autumn
171,134,111,autumn
216,190,170,autumn
218,186,168,autumn
223,197,179,autumn
150,95,79,autumn
211,181,159,autumn
224,199,181,autumn
213,181,158,autumn
227,199,182,autumn
230,206,188,autumn
162,122,95,autumn
172,135,111,autumn
159,115,96,autumn
34,10,7,autumn
211,163,149,autumn
214,187,168,autumn
231,207,188,autumn
204,172,152,autumn
180,141,113,autumn
219,194,172,autumn
228,202,183,autumn
220,188,168,autumn
213,186,166,autumn
209,188,176,autumn
215,181,172,autumn
224,177,170,autumn
206,169,157,autumn
221,201,194,autumn
156,98,83,autumn
109,75,63,autumn
181,139,122,autumn
213,191,180,autumn
194,158,147,autumn
217,194,183,autumn
213,195,181,autumn
196,156,154,autumn
176,142,123,autumn
205,178,159,autumn
184,149,132,autumn
211,181,171,autumn
189,145,130,autumn
191,157,141,autumn
196,158,148,autumn
221,198,186,autumn
190,160,142,autumn
214,174,165,autumn
179,144,128,autumn
190,157,141,autumn
194,155,137,autumn
215,190,178,autumn
213,187,176,autumn
96,72,61,autumn
207,172,159,autumn
207,169,159,autumn
186,148,130,autumn
221,202,195,autumn
201,164,153,autumn
201,162,146,autumn
167,134,114,autumn
180,141,124,autumn
211,184,174,autumn
216,177,168,autumn
231,200,189,autumn
152,122,104,autumn
218,184,158,autumn
225,197,180,autumn
176,141,119,autumn
214,181,163,autumn
227,204,191,autumn
186,142,118,autumn
222,195,174,autumn
234,220,210,autumn
232,212,199,autumn
207,177,152,autumn
228,206,193,autumn
227,205,192,autumn
213,185,162,autumn
197,167,141,autumn
213,185,163,autumn
227,210,196,autumn
217,189,167,autumn
213,182,159,autumn
223,193,177,autumn
226,199,182,autumn
217,190,169,autumn
222,201,188,autumn
212,183,161,autumn
188,160,136,autumn
179,142,111,autumn
220,193,177,autumn
211,182,159,autumn
201,169,148,autumn
202,171,148,autumn
205,182,161,autumn
218,184,157,autumn
226,201,186,autumn
216,189,171,autumn
216,191,174,autumn
218,189,167,autumn
206,176,152,autumn
214,186,165,autumn
217,187,167,autumn
218,191,172,autumn
212,161,135,autumn
113,72,56,autumn
228,188,167,autumn
221,183,163,autumn
204,154,132,autumn
225,182,159,autumn
195,146,124,autumn
32,21,16,autumn
219,162,134,autumn
223,187,167,autumn
212,166,144,autumn
140,103,82,autumn
188,143,118,autumn
191,125,108,autumn
41,26,20,autumn
123,80,61,autumn
230,187,169,autumn
214,167,143,autumn
217,174,154,autumn
211,167,145,autumn
202,160,133,autumn
222,164,137,autumn
140,97,77,autumn
208,159,135,autumn
25,12,12,autumn
165,116,94,autumn
243,204,184,autumn
236,193,173,autumn
235,196,177,autumn
162,118,96,autumn
232,193,174,autumn
76,52,41,autumn
235,194,171,autumn
242,203,183,autumn
231,193,169,autumn
224,180,163,autumn
51,31,27,autumn
230,201,182,autumn
224,184,161,autumn
149,94,74,autumn
202,169,159,autumn
194,171,161,autumn
195,168,156,autumn
211,165,164,autumn
183,155,138,autumn
205,169,170,autumn
198,182,172,autumn
199,171,166,autumn
197,175,164,autumn
189,161,146,autumn
188,151,144,autumn
198,172,162,autumn
195,173,163,autumn
162,132,118,autumn
188,150,139,autumn
193,168,160,autumn
195,178,165,autumn
154,129,116,autumn
185,147,130,autumn
160,126,110,autumn
184,160,148,autumn
187,146,136,autumn
189,163,154,autumn
188,156,144,autumn
156,120,111,autumn
203,184,178,autumn
189,181,166,autumn
155,130,115,autumn
184,159,147,autumn
188,152,135,autumn
212,182,177,autumn
189,152,138,autumn
209,170,163,autumn
211,170,163,autumn
209,173,171,autumn
198,166,160,autumn
199,157,140,autumn
195,157,139,autumn
211,175,171,autumn
190,170,159,autumn
236,214,201,autumn
227,195,179,autumn
209,174,156,autumn
218,188,167,autumn
172,134,115,autumn
232,202,186,autumn
179,136,118,autumn
65,34,14,autumn
227,198,182,autumn
203,163,143,autumn
236,194,177,autumn
159,125,107,autumn
220,189,166,autumn
221,190,166,autumn
207,170,148,autumn
231,195,179,autumn
227,194,173,autumn
93,46,28,autumn
210,170,148,autumn
218,175,154,autumn
227,191,173,autumn
227,188,170,autumn
230,202,186,autumn
91,61,40,autumn
113,84,63,autumn
232,201,184,autumn
217,184,167,autumn
228,193,172,autumn
102,74,57,autumn
219,190,164,autumn
222,187,164,autumn
204,171,154,autumn
206,169,148,autumn
226,197,187,autumn
214,176,158,autumn
212,174,150,autumn
227,192,171,autumn
225,182,163,autumn
218,184,162,autumn
232,202,186,autumn
179,142,122,autumn
214,176,150,autumn
214,183,164,autumn
234,207,192,autumn
232,198,180,autumn
202,169,147,autumn
183,145,122,autumn
219,183,162,autumn
196,162,139,autumn
214,181,159,autumn
216,188,163,autumn
88,64,50,autumn
224,191,172,autumn
236,211,198,autumn
181,139,115,autumn
177,135,110,autumn
203,161,137,autumn
226,196,177,autumn
239,213,198,autumn
217,175,155,autumn
233,197,177,autumn
157,110,92,autumn
225,195,176,autumn
197,160,140,autumn
215,178,157,autumn
154,116,92,autumn
213,174,153,autumn
61,39,31,autumn
218,179,158,autumn
229,199,181,autumn
177,151,132,autumn
206,168,147,autumn
150,91,74,autumn
228,188,167,autumn
206,171,148,autumn
229,205,190,autumn
85,58,47,autumn
220,194,177,autumn
222,190,174,autumn
199,167,149,autumn
230,197,188,autumn
155,111,91,autumn
233,196,187,autumn
209,172,151,autumn
192,158,143,autumn
224,191,183,autumn
209,162,154,autumn
203,169,150,autumn
241,211,202,autumn
232,199,184,autumn
230,194,184,autumn
194,155,143,autumn
126,82,74,autumn
227,187,179,autumn
212,178,163,autumn
215,183,170,autumn
138,94,86,autumn
190,151,138,autumn
177,143,133,autumn
198,166,150,autumn
213,175,165,autumn
73,42,31,autumn
207,171,161,autumn
240,210,202,autumn
187,146,137,autumn
202,161,154,autumn
190,159,152,autumn
233,201,193,autumn
216,178,169,autumn
191,153,136,autumn
203,167,157,autumn
182,140,126,autumn
144,99,89,autumn
80,48,38,autumn
150,98,89,autumn
202,159,140,autumn
209,173,159,autumn
141,115,108,autumn
189,154,141,autumn
237,208,197,autumn
144,89,59,autumn
211,166,123,autumn
86,59,44,autumn
192,136,97,autumn
180,119,78,autumn
218,165,132,autumn
221,169,134,autumn
208,155,121,autumn
154,97,70,autumn
186,129,86,autumn
189,132,83,autumn
204,150,109,autumn
205,154,115,autumn
216,166,130,autumn
220,163,130,autumn
193,135,91,autumn
173,117,77,autumn
210,159,119,autumn
212,165,123,autumn
172,111,80,autumn
212,165,124,autumn
214,169,128,autumn
222,166,135,autumn
188,132,81,autumn
221,170,134,autumn
174,117,78,autumn
215,165,127,autumn
183,124,86,autumn
213,166,129,autumn
209,156,120,autumn
136,86,62,autumn
206,147,103,autumn
214,162,129,autumn
220,170,137,autumn
199,152,110,autumn
221,171,137,autumn
180,124,81,autumn
207,153,115,autumn
177,119,70,autumn
177,120,79,autumn
203,159,137,autumn
192,142,120,autumn
196,147,126,autumn
186,153,130,autumn
215,172,147,autumn
221,183,161,autumn
178,130,108,autumn
221,173,156,autumn
211,159,144,autumn
188,155,136,autumn
219,167,151,autumn
210,168,148,autumn
203,156,135,autumn
195,147,127,autumn
200,150,126,autumn
222,174,157,autumn
199,151,129,autumn
212,170,152,autumn
218,174,151,autumn
89,60,45,autumn
181,130,108,autumn
198,158,136,autumn
184,142,121,autumn
222,189,173,autumn
212,177,159,autumn
217,184,167,autumn
205,163,143,autumn
152,86,62,autumn
204,159,140,autumn
226,178,161,autumn
207,154,134,autumn
194,145,125,autumn
186,155,134,autumn
220,182,161,autumn
222,172,155,autumn
203,159,137,autumn
215,178,159,autumn
191,154,137,autumn
209,165,144,autumn
213,174,153,autumn
219,172,159,autumn
216,161,148,autumn
186,139,128,autumn
213,168,153,autumn
153,88,79,autumn
218,167,154,autumn
205,156,139,autumn
183,135,127,autumn
196,146,132,autumn
223,176,168,autumn
225,162,153,autumn
220,174,158,autumn
218,158,150,autumn
217,168,155,autumn
18,15,12,autumn
194,139,131,autumn
218,151,141,autumn
206,159,142,autumn
157,92,86,autumn
222,177,168,autumn
212,167,152,autumn
219,169,154,autumn
212,163,149,autumn
200,135,129,autumn
218,156,148,autumn
215,161,149,autumn
201,144,130,autumn
219,176,164,autumn
190,142,130,autumn
208,159,142,autumn
211,147,135,autumn
213,165,148,autumn
201,152,135,autumn
217,172,159,autumn
219,153,143,autumn
215,168,156,autumn
209,155,140,autumn
195,143,130,autumn
216,153,141,autumn
213,161,147,autumn
209,161,156,autumn
209,172,159,autumn
205,165,158,autumn
210,171,159,autumn
197,155,140,autumn
217,176,169,autumn
201,161,145,autumn
215,179,171,autumn
209,169,158,autumn
206,170,161,autumn
205,159,151,autumn
191,157,144,autumn
207,168,160,autumn
193,152,133,autumn
209,173,163,autumn
198,161,153,autumn
188,145,129,autumn
194,152,137,autumn
209,170,159,autumn
209,165,152,autumn
209,174,164,autumn
192,151,141,autumn
194,148,136,autumn
191,135,124,autumn
212,179,173,autumn
206,170,162,autumn
184,143,125,autumn
214,173,168,autumn
187,146,131,autumn
202,169,158,autumn
193,155,136,autumn
160,108,86,autumn
206,168,159,autumn
205,169,159,autumn
212,162,160,autumn
214,168,154,autumn
201,169,162,autumn
211,166,160,autumn
184,145,127,autumn
176,139,126,autumn
217,167,145,autumn
229,172,153,autumn
233,173,155,autumn
219,160,136,autumn
223,161,138,autumn
215,165,142,autumn
216,165,140,autumn
225,172,145,autumn
218,169,149,autumn
196,139,119,autumn
216,168,146,autumn
226,174,153,autumn
225,160,140,autumn
226,165,148,autumn
218,166,143,autumn
225,181,157,autumn
170,124,107,autumn
232,175,158,autumn
219,162,137,autumn
241,138,117,autumn
220,165,141,autumn
212,155,130,autumn
225,173,150,autumn
219,196,179,autumn
232,173,155,autumn
226,171,153,autumn
237,202,196,autumn
224,182,159,autumn
224,158,140,autumn
234,195,177,autumn
225,162,145,autumn
223,181,157,autumn
213,147,122,autumn
226,178,158,autumn
222,170,149,autumn
219,169,146,autumn
213,159,138,autumn
214,167,146,autumn
211,163,143,autumn
231,177,159,autumn
211,164,133,autumn
211,165,133,autumn
221,176,143,autumn
200,148,113,autumn
209,164,133,autumn
195,146,114,autumn
208,162,132,autumn
219,164,133,autumn
203,152,119,autumn
187,119,94,autumn
194,142,108,autumn
255,255,255,autumn
212,159,127,autumn
187,135,104,autumn
212,158,128,autumn
175,132,97,autumn
206,159,127,autumn
224,177,147,autumn
255,255,255,autumn
202,158,129,autumn
207,159,129,autumn
201,162,131,autumn
215,164,134,autumn
209,161,130,autumn
214,159,123,autumn
215,162,132,autumn
172,128,101,autumn
190,140,109,autumn
171,129,97,autumn
189,141,110,autumn
222,169,139,autumn
207,158,126,autumn
197,141,109,autumn
227,174,146,autumn
207,154,121,autumn
216,169,137,autumn
223,176,145,autumn
221,168,140,autumn
225,178,148,autumn
218,168,136,autumn
208,167,156,autumn
203,166,155,autumn
215,179,170,autumn
176,135,113,autumn
195,153,140,autumn
205,167,160,autumn
196,151,138,autumn
213,172,166,autumn
209,159,157,autumn
199,162,148,autumn
194,159,145,autumn
214,171,162,autumn
211,170,165,autumn
211,173,162,autumn
216,185,181,autumn
197,155,138,autumn
212,169,164,autumn
206,161,150,autumn
196,161,149,autumn
172,136,120,autumn
204,165,156,autumn
214,167,163,autumn
203,168,159,autumn
209,174,164,autumn
198,159,145,autumn
212,169,160,autumn
202,163,152,autumn
199,146,135,autumn
192,152,142,autumn
192,154,135,autumn
182,140,123,autumn
193,158,148,autumn
191,146,131,autumn
202,162,154,autumn
219,184,177,autumn
206,168,157,autumn
149,98,77,autumn
213,162,155,autumn
142,92,72,autumn
199,164,156,autumn
184,122,117,autumn
229,175,173,autumn
200,142,140,autumn
223,170,169,autumn
215,175,175,autumn
217,145,138,autumn
128,94,94,autumn
225,173,171,autumn
208,150,147,autumn
228,173,178,autumn
218,159,160,autumn
222,172,171,autumn
203,148,147,autumn
226,174,171,autumn
229,179,179,autumn
239,174,161,autumn
194,139,136,autumn
184,127,127,autumn
208,158,156,autumn
229,178,175,autumn
225,173,169,autumn
199,140,140,autumn
229,160,160,autumn
94,52,54,autumn
219,162,165,autumn
228,176,175,autumn
224,170,175,autumn
218,150,156,autumn
205,144,146,autumn
204,153,151,autumn
199,127,135,autumn
226,174,173,autumn
209,146,153,autumn
220,165,167,autumn
216,128,130,autumn
219,166,165,autumn
208,155,154,autumn
217,155,159,autumn
218,154,166,autumn
213,150,153,autumn
237,184,160,autumn
232,169,144,autumn
217,160,138,autumn
201,153,136,autumn
196,143,120,autumn
154,109,86,autumn
232,182,161,autumn
198,141,121,autumn
182,134,117,autumn
213,148,127,autumn
106,73,58,autumn
179,124,104,autumn
198,147,128,autumn
207,159,136,autumn
163,115,100,autumn
215,155,129,autumn
230,174,147,autumn
102,67,53,autumn
212,171,147,autumn
205,148,132,autumn
238,180,160,autumn
241,188,161,autumn
210,156,135,autumn
212,154,135,autumn
161,115,94,autumn
241,178,155,autumn
207,154,133,autumn
162,114,97,autumn
230,167,144,autumn
204,152,133,autumn
213,164,145,autumn
238,188,165,autumn
200,155,136,autumn
168,118,97,autumn
235,175,149,autumn
205,163,137,autumn
135,94,80,autumn
227,177,157,autumn
213,155,135,autumn
213,159,140,autumn
212,167,163,autumn
206,154,144,autumn
192,142,130,autumn
206,163,149,autumn
209,157,149,autumn
195,152,139,autumn
212,161,150,autumn
200,163,155,autumn
197,156,133,autumn
197,147,128,autumn
204,163,157,autumn
212,160,153,autumn
207,166,155,autumn
167,124,108,autumn
200,158,143,autumn
216,177,170,autumn
206,154,144,autumn
202,169,161,autumn
192,142,128,autumn
190,144,125,autumn
166,115,96,autumn
185,137,122,autumn
203,155,142,autumn
203,158,147,autumn
142,85,68,autumn
207,160,139,autumn
194,154,145,autumn
199,161,152,autumn
207,159,142,autumn
203,154,141,autumn
188,135,124,autumn
212,172,161,autumn
173,134,116,autumn
211,165,153,autumn
154,135,127,autumn
201,164,158,autumn
205,160,153,autumn
205,164,156,autumn
178,128,110,autumn
204,161,151,autumn
189,163,138,autumn
135,96,76,autumn
192,164,142,autumn
140,97,71,autumn
202,164,144,autumn
215,185,170,autumn
233,215,208,autumn
174,133,109,autumn
197,166,145,autumn
159,123,102,autumn
184,174,157,autumn
162,118,96,autumn
206,182,159,autumn
233,217,211,autumn
213,190,166,autumn
224,201,185,autumn
112,58,41,autumn
118,76,54,autumn
237,216,206,autumn
174,126,106,autumn
197,166,145,autumn
222,201,179,autumn
146,104,83,autumn
222,197,180,autumn
235,218,210,autumn
130,67,55,autumn
190,151,133,autumn
167,133,111,autumn
174,126,106,autumn
204,180,158,autumn
172,128,106,autumn
147,103,77,autumn
150,107,85,autumn
193,159,139,autumn
229,215,197,autumn
149,111,89,autumn
232,211,195,autumn
208,184,163,autumn
178,133,110,autumn
227,209,191,autumn
140,104,78,autumn
174,148,147,winter
195,175,166,winter
208,189,191,winter
199,188,186,winter
207,186,191,winter
194,173,172,winter
198,153,158,winter
186,158,155,winter
202,191,187,winter
205,184,183,winter
43,42,40,winter
115,103,91,winter
205,195,193,winter
201,186,183,winter
181,168,152,winter
114,99,96,winter
69,57,57,winter
208,194,191,winter
199,183,184,winter
212,194,192,winter
206,195,191,winter
34,36,35,winter
104,87,77,winter
180,152,149,winter
215,200,197,winter
155,134,133,winter
214,196,194,winter
172,142,142,winter
187,157,159,winter
208,194,191,winter
214,194,193,winter
146,128,114,winter
207,192,189,winter
210,196,196,winter
194,184,185,winter
197,176,171,winter
201,187,184,winter
174,150,146,winter
152,131,126,winter
187,163,153,winter
234,216,216,winter
234,215,216,winter
217,210,207,winter
223,208,205,winter
233,219,218,winter
223,210,204,winter
234,218,219,winter
213,190,199,winter
236,220,221,winter
223,203,203,winter
166,148,145,winter
241,221,222,winter
202,176,179,winter
235,218,218,winter
151,121,123,winter
222,195,200,winter
233,212,212,winter
223,200,199,winter
233,217,218,winter
210,180,182,winter
229,215,214,winter
239,219,220,winter
234,218,218,winter
230,216,216,winter
221,205,205,winter
231,216,215,winter
232,212,213,winter
185,165,166,winter
236,222,222,winter
127,111,112,winter
243,229,229,winter
219,197,197,winter
225,208,208,winter
235,222,222,winter
232,214,214,winter
240,226,225,winter
246,227,228,winter
211,189,193,winter
228,208,209,winter
239,219,220,winter
145,110,89,winter
223,201,189,winter
240,222,207,winter
183,153,136,winter
247,233,228,winter
145,115,90,winter
229,212,196,winter
101,78,59,winter
58,36,29,winter
215,195,178,winter
239,214,199,winter
173,139,117,winter
240,210,201,winter
195,166,143,winter
179,147,122,winter
237,224,206,winter
87,66,51,winter
61,38,29,winter
233,219,206,winter
233,214,200,winter
243,223,212,winter
233,215,203,winter
235,224,209,winter
242,225,213,winter
240,229,216,winter
178,145,127,winter
150,115,94,winter
187,162,148,winter
225,206,191,winter
247,232,227,winter
217,195,180,winter
247,232,226,winter
85,58,46,winter
241,218,202,winter
156,121,99,winter
219,199,182,winter
159,126,108,winter
231,212,197,winter
77,64,55,winter
225,207,189,winter
217,185,178,winter
163,131,128,winter
227,194,193,winter
229,197,198,winter
215,184,182,winter
211,165,150,winter
220,187,180,winter
219,185,183,winter
218,180,173,winter
223,190,183,winter
233,203,202,winter
214,184,183,winter
236,202,200,winter
202,160,146,winter
228,193,188,winter
213,174,165,winter
233,203,201,winter
234,200,197,winter
223,193,191,winter
224,187,179,winter
219,180,175,winter
205,160,145,winter
138,95,88,winter
201,161,149,winter
169,124,119,winter
229,190,187,winter
228,190,188,winter
209,172,162,winter
187,151,147,winter
235,204,202,winter
198,162,154,winter
206,170,156,winter
232,205,202,winter
163,118,110,winter
161,122,114,winter
177,138,133,winter
219,188,186,winter
212,172,163,winter
203,167,153,winter
152,108,105,winter
193,146,150,winter
230,193,194,winter
224,187,189,winter
202,148,140,winter
203,144,160,winter
227,171,180,winter
240,175,195,winter
156,120,123,winter
180,131,139,winter
157,103,95,winter
115,74,69,winter
242,195,208,winter
225,187,187,winter
233,195,196,winter
48,24,26,winter
96,53,46,winter
240,203,208,winter
216,174,176,winter
236,201,205,winter
231,193,200,winter
65,58,64,winter
239,208,212,winter
98,56,58,winter
237,202,205,winter
236,205,207,winter
100,89,94,winter
238,201,204,winter
193,154,159,winter
224,182,176,winter
77,45,40,winter
230,192,193,winter
121,97,100,winter
194,132,121,winter
245,211,218,winter
176,122,113,winter
226,190,189,winter
148,89,73,winter
238,201,206,winter
107,61,53,winter
43,36,42,winter
136,118,122,winter
188,165,171,winter
205,187,189,winter
208,199,202,winter
188,171,173,winter
209,192,195,winter
188,172,178,winter
181,167,172,winter
203,192,194,winter
152,140,150,winter
204,186,189,winter
177,160,164,winter
190,175,176,winter
130,122,131,winter
174,158,163,winter
203,184,184,winter
192,181,186,winter
186,169,175,winter
200,187,190,winter
186,166,173,winter
191,173,178,winter
205,191,193,winter
198,187,188,winter
208,192,196,winter
202,185,187,winter
156,139,151,winter
155,133,141,winter
189,171,170,winter
177,158,158,winter
194,176,177,winter
193,176,178,winter
200,188,190,winter
187,163,168,winter
199,186,187,winter
189,172,173,winter
182,166,167,winter
159,142,140,winter
174,161,167,winter
202,187,183,winter
161,146,156,winter
203,183,185,winter
212,197,199,winter
177,159,160,winter
196,177,180,winter
202,184,186,winter
189,170,173,winter
203,185,189,winter
94,81,83,winter
208,191,193,winter
200,182,184,winter
213,200,200,winter
204,186,188,winter
146,130,133,winter
208,190,192,winter
206,184,183,winter
194,175,179,winter
181,161,167,winter
183,167,172,winter
198,180,181,winter
172,147,152,winter
194,173,174,winter
191,169,170,winter
192,173,174,winter
201,180,180,winter
206,189,191,winter
199,185,187,winter
196,181,186,winter
111,100,102,winter
199,183,183,winter
48,46,53,winter
200,183,187,winter
209,194,197,winter
162,145,148,winter
197,180,182,winter
154,143,151,winter
209,191,196,winter
179,163,165,winter
180,150,158,winter
192,169,172,winter
52,46,48,winter
180,171,178,winter
149,122,135,winter
191,186,195,winter
199,180,181,winter
1,17,27,winter
168,154,160,winter
174,164,172,winter
189,171,175,winter
89,118,170,winter
194,176,181,winter
144,161,199,winter
209,195,203,winter
143,165,202,winter
48,74,134,winter
68,91,146,winter
79,106,157,winter
35,43,55,winter
193,178,185,winter
190,174,181,winter
205,188,192,winter
195,177,186,winter
151,135,139,winter
153,140,149,winter
152,141,150,winter
102,130,180,winter
124,150,195,winter
104,96,109,winter
48,75,133,winter
201,189,194,winter
180,167,173,winter
181,172,179,winter
155,140,150,winter
197,184,188,winter
202,184,188,winter
182,163,166,winter
169,151,157,winter
192,180,185,winter
188,174,180,winter
132,161,203,winter
105,138,186,winter
163,130,123,winter
194,160,143,winter
232,208,195,winter
150,112,95,winter
215,181,173,winter
236,219,212,winter
230,212,208,winter
231,210,200,winter
205,161,148,winter
226,196,186,winter
223,193,181,winter
234,219,214,winter
217,184,174,winter
200,170,154,winter
196,165,145,winter
224,187,178,winter
206,174,159,winter
228,196,183,winter
242,209,198,winter
179,143,125,winter
235,217,209,winter
209,170,152,winter
172,132,115,winter
227,198,188,winter
218,189,180,winter
231,211,200,winter
222,188,178,winter
234,216,212,winter
235,213,205,winter
207,165,155,winter
209,169,157,winter
233,204,192,winter
237,216,211,winter
74,47,32,winter
129,103,95,winter
237,216,211,winter
90,71,64,winter
220,183,173,winter
93,78,73,winter
238,223,219,winter
224,197,195,winter
218,189,184,winter
230,209,202,winter
52,38,43,winter
234,207,210,winter
234,207,208,winter
54,34,38,winter
223,195,192,winter
234,200,204,winter
237,210,212,winter
212,178,179,winter
197,166,164,winter
217,148,155,winter
133,108,117,winter
222,200,198,winter
216,181,183,winter
234,207,204,winter
232,195,194,winter
178,146,141,winter
218,198,195,winter
108,76,72,winter
219,193,192,winter
224,195,193,winter
198,159,156,winter
218,202,197,winter
228,197,194,winter
238,209,210,winter
224,197,196,winter
214,180,177,winter
198,166,167,winter
228,202,199,winter
192,161,158,winter
230,202,199,winter
239,208,209,winter
225,193,191,winter
231,204,202,winter
236,210,206,winter
238,210,213,winter
215,190,188,winter
229,199,197,winter
9,11,2,winter
239,224,217,winter
236,219,217,winter
235,205,196,winter
236,217,210,winter
53,42,37,winter
123,96,75,winter
235,217,211,winter
221,181,168,winter
209,174,163,winter
236,209,204,winter
236,218,212,winter
239,223,218,winter
21,6,4,winter
238,223,221,winter
222,184,176,winter
238,227,225,winter
231,202,187,winter
79,44,25,winter
238,221,214,winter
214,164,146,winter
233,214,209,winter
238,221,214,winter
229,193,174,winter
205,154,131,winter
242,233,232,winter
227,193,179,winter
115,69,46,winter
235,230,228,winter
236,218,214,winter
121,78,58,winter
237,218,211,winter
235,220,217,winter
226,196,185,winter
226,197,181,winter
221,184,164,winter
145,111,89,winter
240,225,220,winter
233,207,196,winter
221,182,162,winter
199,187,182,winter
212,184,173,winter
220,191,176,winter
223,203,203,winter
124,114,106,winter
229,224,222,winter
211,191,180,winter
201,180,169,winter
207,187,175,winter
198,178,171,winter
168,134,108,winter
206,184,173,winter
199,174,170,winter
181,168,159,winter
167,146,134,winter
214,194,186,winter
211,192,180,winter
198,185,182,winter
219,204,200,winter
198,185,179,winter
230,213,213,winter
196,183,178,winter
220,207,197,winter
212,192,183,winter
236,218,218,winter
218,195,191,winter
174,146,140,winter
233,217,218,winter
139,131,121,winter
200,180,170,winter
222,194,182,winter
198,184,175,winter
214,195,184,winter
192,169,155,winter
232,215,212,winter
159,151,142,winter
200,171,159,winter
177,145,125,winter
222,197,190,winter
199,171,169,winter
53,61,72,winter
41,43,55,winter
22,21,35,winter
234,207,196,winter
227,198,184,winter
91,79,83,winter
76,73,80,winter
33,30,41,winter
177,144,127,winter
218,225,231,winter
238,247,254,winter
227,201,188,winter
99,88,92,winter
226,194,183,winter
227,201,188,winter
121,125,136,winter
220,230,232,winter
229,201,189,winter
215,222,228,winter
228,199,185,winter
232,204,193,winter
218,190,178,winter
220,191,175,winter
217,184,167,winter
201,165,153,winter
108,116,129,winter
211,176,157,winter
205,168,150,winter
242,221,216,winter
228,196,185,winter
182,190,201,winter
222,189,172,winter
228,198,187,winter
207,215,226,winter
224,196,182,winter
157,121,109,winter
205,214,223,winter
151,112,97,winter
221,191,181,winter
226,201,194,winter
214,177,159,winter
235,213,202,winter
215,224,231,winter
193,200,206,winter
184,194,206,winter
215,225,227,winter
169,125,122,winter
195,162,145,winter
175,184,193,winter
233,205,194,winter
198,161,143,winter
234,206,195,winter
228,202,189,winter
222,231,238,winter
227,199,187,winter
146,93,89,winter
179,141,130,winter
225,206,200,winter
234,208,195,winter
240,212,208,winter
69,55,55,winter
235,207,196,winter
220,193,186,winter
204,174,164,winter
227,199,185,winter
40,42,54,winter
226,198,186,winter
14,7,14,winter
236,208,197,winter
239,216,208,winter
236,209,198,winter
33,31,42,winter
229,201,190,winter
245,218,207,winter
148,130,126,winter
210,217,223,winter
10,0,0,winter
235,207,196,winter
178,187,196,winter
233,207,194,winter
250,231,227,winter
150,122,121,winter
201,179,165,winter
213,192,187,winter
233,222,216,winter
239,225,224,winter
211,192,177,winter
139,120,113,winter
174,163,161,winter
241,233,230,winter
227,210,203,winter
234,208,207,winter
105,106,92,winter
188,199,201,winter
218,198,187,winter
54,47,55,winter
162,138,134,winter
207,177,169,winter
237,226,222,winter
215,204,200,winter
160,163,154,winter
183,149,139,winter
231,220,216,winter
234,219,212,winter
242,188,186,winter
76,61,56,winter
214,184,184,winter
224,209,204,winter
172,164,162,winter
220,195,188,winter
220,200,201,winter
182,192,191,winter
242,214,213,winter
204,180,180,winter
247,232,227,winter
242,229,220,winter
213,195,185,winter
177,137,137,winter
233,208,203,winter
223,201,188,winter
170,142,138,winter
230,204,207,winter
225,197,196,winter
206,161,158,winter
119,86,69,winter
228,200,199,winter
55,52,47,winter
192,157,153,winter
230,201,197,winter
52,29,23,winter
179,149,139,winter
167,133,124,winter
223,185,176,winter
216,172,163,winter
224,198,199,winter
203,172,167,winter
227,201,200,winter
227,195,184,winter
179,146,139,winter
219,183,171,winter
227,198,194,winter
107,83,83,winter
218,181,173,winter
207,177,169,winter
79,50,44,winter
212,185,176,winter
215,190,185,winter
90,71,67,winter
174,133,127,winter
70,51,45,winter
222,194,191,winter
236,206,206,winter
209,178,173,winter
33,22,18,winter
146,103,97,winter
213,173,163,winter
214,183,180,winter
227,198,194,winter
225,187,184,winter
225,195,187,winter
217,184,169,winter
212,167,148,winter
223,193,185,winter
222,194,180,winter
236,199,191,winter
222,185,169,winter
220,113,133,winter
217,179,170,winter
213,168,165,winter
223,181,169,winter
233,203,202,winter
214,184,183,winter
236,202,200,winter
202,160,146,winter
228,193,188,winter
213,174,165,winter
233,203,201,winter
234,200,197,winter
223,193,191,winter
224,187,179,winter
219,180,175,winter
205,160,145,winter
138,95,88,winter
201,161,149,winter
169,124,119,winter
229,190,187,winter
228,190,188,winter
209,172,162,winter
187,151,147,winter
235,204,202,winter
198,162,154,winter
206,170,156,winter
232,205,202,winter
163,118,110,winter
161,122,114,winter
177,138,133,winter
219,188,186,winter
212,172,163,winter
203,167,153,winter
152,108,105,winter
193,146,150,winter
230,193,194,winter
224,187,189,winter
202,148,140,winter
203,144,160,winter
227,171,180,winter
240,175,195,winter
156,120,123,winter
180,131,139,winter
157,103,95,winter
115,74,69,winter
242,195,208,winter
225,187,187,winter
233,195,196,winter
48,24,26,winter
96,53,46,winter
240,203,208,winter
216,174,176,winter
236,201,205,winter
231,193,200,winter
65,58,64,winter
239,208,212,winter
98,56,58,winter
237,202,205,winter
236,205,207,winter
100,89,94,winter
238,201,204,winter
193,154,159,winter
224,182,176,winter
77,45,40,winter
230,192,193,winter
121,97,100,winter
194,132,121,winter
245,211,218,winter
176,122,113,winter
226,190,189,winter
148,89,73,winter
238,201,206,winter
107,61,53,winter
43,36,42,winter
136,118,122,winter
188,165,171,winter
205,187,189,winter
208,199,202,winter
188,171,173,winter
209,192,195,winter
188,172,178,winter
181,167,172,winter
203,192,194,winter
152,140,150,winter
204,186,189,winter
177,160,164,winter
190,175,176,winter
130,122,131,winter
174,158,163,winter
203,184,184,winter
192,181,186,winter
186,169,175,winter
200,187,190,winter
186,166,173,winter
191,173,178,winter
205,191,193,winter
198,187,188,winter
208,192,196,winter
202,185,187,winter
156,139,151,winter
155,133,141,winter
189,171,170,winter
177,158,158,winter
194,176,177,winter
193,176,178,winter
200,188,190,winter
187,163,168,winter
199,186,187,winter
189,172,173,winter
182,166,167,winter
159,142,140,winter
174,161,167,winter
202,187,183,winter
161,146,156,winter
203,183,185,winter
212,197,199,winter
177,159,160,winter
196,177,180,winter
202,184,186,winter
189,170,173,winter
203,185,189,winter
94,81,83,winter
208,191,193,winter
200,182,184,winter
213,200,200,winter
204,186,188,winter
146,130,133,winter
208,190,192,winter
206,184,183,winter
194,175,179,winter
181,161,167,winter
183,167,172,winter
198,180,181,winter
172,147,152,winter
194,173,174,winter
191,169,170,winter
192,173,174,winter
201,180,180,winter
206,189,191,winter
199,185,187,winter
196,181,186,winter
111,100,102,winter
199,183,183,winter
48,46,53,winter
200,183,187,winter
209,194,197,winter
162,145,148,winter
197,180,182,winter
154,143,151,winter
209,191,196,winter
179,163,165,winter
180,150,158,winter
192,169,172,winter
52,46,48,winter
180,171,178,winter
149,122,135,winter
191,186,195,winter
199,180,181,winter
1,17,27,winter
168,154,160,winter
174,164,172,winter
189,171,175,winter
89,118,170,winter
194,176,181,winter
144,161,199,winter
209,195,203,winter
143,165,202,winter
48,74,134,winter
68,91,146,winter
79,106,157,winter
35,43,55,winter
193,178,185,winter
190,174,181,winter
205,188,192,winter
195,177,186,winter
151,135,139,winter
153,140,149,winter
152,141,150,winter
102,130,180,winter
124,150,195,winter
104,96,109,winter
48,75,133,winter
201,189,194,winter
180,167,173,winter
181,172,179,winter
155,140,150,winter
197,184,188,winter
202,184,188,winter
182,163,166,winter
169,151,157,winter
192,180,185,winter
188,174,180,winter
132,161,203,winter
105,138,186,winter
163,130,123,winter
194,160,143,winter
232,208,195,winter
150,112,95,winter
215,181,173,winter
236,219,212,winter
230,212,208,winter
231,210,200,winter
205,161,148,winter
226,196,186,winter
223,193,181,winter
234,219,214,winter
217,184,174,winter
200,170,154,winter
196,165,145,winter
224,187,178,winter
206,174,159,winter
228,196,183,winter
242,209,198,winter
179,143,125,winter
235,217,209,winter
209,170,152,winter
172,132,115,winter
227,198,188,winter
218,189,180,winter
231,211,200,winter
222,188,178,winter
234,216,212,winter
235,213,205,winter
207,165,155,winter
209,169,157,winter
233,204,192,winter
237,216,211,winter
74,47,32,winter
129,103,95,winter
237,216,211,winter
90,71,64,winter
220,183,173,winter
93,78,73,winter
238,223,219,winter
224,197,195,winter
218,189,184,winter
230,209,202,winter
52,38,43,winter
234,207,210,winter
234,207,208,winter
54,34,38,winter
223,195,192,winter
234,200,204,winter
237,210,212,winter
212,178,179,winter
197,166,164,winter
217,148,155,winter
133,108,117,winter
222,200,198,winter
216,181,183,winter
234,207,204,winter
232,195,194,winter
178,146,141,winter
218,198,195,winter
108,76,72,winter
219,193,192,winter
224,195,193,winter
198,159,156,winter
218,202,197,winter
228,197,194,winter
238,209,210,winter
224,197,196,winter
214,180,177,winter
198,166,167,winter
228,202,199,winter
192,161,158,winter
230,202,199,winter
239,208,209,winter
225,193,191,winter
231,204,202,winter
236,210,206,winter
238,210,213,winter
215,190,188,winter
229,199,197,winter
9,11,2,winter
239,224,217,winter
236,219,217,winter
235,205,196,winter
236,217,210,winter
53,42,37,winter
123,96,75,winter
235,217,211,winter
221,181,168,winter
209,174,163,winter
236,209,204,winter
236,218,212,winter
239,223,218,winter
21,6,4,winter
238,223,221,winter
222,184,176,winter
238,227,225,winter
231,202,187,winter
79,44,25,winter
238,221,214,winter
214,164,146,winter
233,214,209,winter
238,221,214,winter
229,193,174,winter
205,154,131,winter
242,233,232,winter
227,193,179,winter
115,69,46,winter
235,230,228,winter
236,218,214,winter
121,78,58,winter
237,218,211,winter
235,220,217,winter
226,196,185,winter
226,197,181,winter
221,184,164,winter
145,111,89,winter
240,225,220,winter
233,207,196,winter
221,182,162,winter
199,187,182,winter
212,184,173,winter
220,191,176,winter
223,203,203,winter
124,114,106,winter
229,224,222,winter
211,191,180,winter
201,180,169,winter
207,187,175,winter
198,178,171,winter
168,134,108,winter
206,184,173,winter
199,174,170,winter
181,168,159,winter
167,146,134,winter
214,194,186,winter
211,192,180,winter
198,185,182,winter
219,204,200,winter
198,185,179,winter
230,213,213,winter
196,183,178,winter
220,207,197,winter
212,192,183,winter
236,218,218,winter
218,195,191,winter
174,146,140,winter
233,217,218,winter
139,131,121,winter
200,180,170,winter
222,194,182,winter
198,184,175,winter
214,195,184,winter
192,169,155,winter
232,215,212,winter
159,151,142,winter
200,171,159,winter
177,145,125,winter
222,197,190,winter
199,171,169,winter
214,177,159,winter
235,213,202,winter
215,224,231,winter
193,200,206,winter
184,194,206,winter
215,225,227,winter
169,125,122,winter
195,162,145,winter
175,184,193,winter
233,205,194,winter
198,161,143,winter
234,206,195,winter
228,202,189,winter
222,231,238,winter
227,199,187,winter
146,93,89,winter
179,141,130,winter
225,206,200,winter
234,208,195,winter
240,212,208,winter
69,55,55,winter
235,207,196,winter
220,193,186,winter
204,174,164,winter
227,199,185,winter
40,42,54,winter
226,198,186,winter
14,7,14,winter
236,208,197,winter
239,216,208,winter
236,209,198,winter
33,31,42,winter
229,201,190,winter
245,218,207,winter
148,130,126,winter
210,217,223,winter
10,0,0,winter
235,207,196,winter
178,187,196,winter
233,207,194,winter
250,231,227,winter
150,122,121,winter
201,179,165,winter
213,192,187,winter
233,222,216,winter
239,225,224,winter
211,192,177,winter
139,120,113,winter
174,163,161,winter
241,233,230,winter
227,210,203,winter
234,208,207,winter
105,106,92,winter
188,199,201,winter
218,198,187,winter
54,47,55,winter
162,138,134,winter
207,177,169,winter
237,226,222,winter
215,204,200,winter
160,163,154,winter
183,149,139,winter
231,220,216,winter
234,219,212,winter
242,188,186,winter
76,61,56,winter
214,184,184,winter
224,209,204,winter
172,164,162,winter
220,195,188,winter
220,200,201,winter
182,192,191,winter
242,214,213,winter
204,180,180,winter
247,232,227,winter
242,229,220,winter
213,195,185,winter
177,137,137,winter
233,208,203,winter
223,201,188,winter
170,142,138,winter
230,204,207,winter
225,197,196,winter
206,161,158,winter
119,86,69,winter
228,200,199,winter
55,52,47,winter
192,157,153,winter
230,201,197,winter
52,29,23,winter
179,149,139,winter
167,133,124,winter
223,185,176,winter
216,172,163,winter
224,198,199,winter
203,172,167,winter
227,201,200,winter
227,195,184,winter
179,146,139,winter
219,183,171,winter
227,198,194,winter
107,83,83,winter
218,181,173,winter
207,177,169,winter
79,50,44,winter
212,185,176,winter
215,190,185,winter
90,71,67,winter
174,133,127,winter
70,51,45,winter
222,194,191,winter
236,206,206,winter
209,178,173,winter
33,22,18,winter
146,103,97,winter
213,173,163,winter
214,183,180,winter
227,198,194,winter
225,187,184,winter
225,195,187,winter
217,184,169,winter
212,167,148,winter
223,193,185,winter
222,194,180,winter
236,199,191,winter
222,185,169,winter
220,113,133,winter
217,179,170,winter
213,168,165,winter
223,181,169,winter
233,203,202,winter
214,184,183,winter
236,202,200,winter
202,160,146,winter
228,193,188,winter
213,174,165,winter
233,203,201,winter
234,200,197,winter
223,193,191,winter
224,187,179,winter
219,180,175,winter
205,160,145,winter
138,95,88,winter
201,161,149,winter
169,124,119,winter
229,190,187,winter
228,190,188,winter
209,172,162,winter
187,151,147,winter
235,204,202,winter
198,162,154,winter
206,170,156,winter
232,205,202,winter
163,118,110,winter
161,122,114,winter
177,138,133,winter
219,188,186,winter
212,172,163,winter
203,167,153,winter
152,108,105,winter
193,146,150,winter
230,193,194,winter
224,187,189,winter
202,148,140,winter
203,144,160,winter
227,171,180,winter
240,175,195,winter
156,120,123,winter
180,131,139,winter
157,103,95,winter
115,74,69,winter
242,195,208,winter
225,187,187,winter
233,195,196,winter
48,24,26,winter
96,53,46,winter
240,203,208,winter
216,174,176,winter
236,201,205,winter
231,193,200,winter
65,58,64,winter
239,208,212,winter
98,56,58,winter
237,202,205,winter
236,205,207,winter
100,89,94,winter
238,201,204,winter
193,154,159,winter
224,182,176,winter
77,45,40,winter
230,192,193,winter
121,97,100,winter
194,132,121,winter
245,211,218,winter
176,122,113,winter
226,190,189,winter
148,89,73,winter
238,201,206,winter
107,61,53,winter
43,36,42,winter
136,118,122,winter
188,165,171,winter
205,187,189,winter
208,199,202,winter
188,171,173,winter
209,192,195,winter
188,172,178,winter
181,167,172,winter
203,192,194,winter
152,140,150,winter
204,186,189,winter
177,160,164,winter
190,175,176,winter
130,122,131,winter
174,158,163,winter
203,184,184,winter
192,181,186,winter
186,169,175,winter
200,187,190,winter
186,166,173,winter
191,173,178,winter
205,191,193,winter
198,187,188,winter
208,192,196,winter
202,185,187,winter
156,139,151,winter
155,133,141,winter
189,171,170,winter
177,158,158,winter
194,176,177,winter
193,176,178,winter
200,188,190,winter
187,163,168,winter
199,186,187,winter
189,172,173,winter
182,166,167,winter
159,142,140,winter
174,161,167,winter
202,187,183,winter
161,146,156,winter
203,183,185,winter
212,197,199,winter
177,159,160,winter
196,177,180,winter
202,184,186,winter
189,170,173,winter
203,185,189,winter
94,81,83,winter
208,191,193,winter
200,182,184,winter
213,200,200,winter
204,186,188,winter
146,130,133,winter
208,190,192,winter
206,184,183,winter
194,175,179,winter
181,161,167,winter
183,167,172,winter
198,180,181,winter
172,147,152,winter
194,173,174,winter
191,169,170,winter
192,173,174,winter
201,180,180,winter
